NOME;NOME_NORM
AUTOSTRADA A4 BRESCIA PADOVA;Autostrada A4 Brescia Padova
AUTOSTRADA A22 DEL BRENNERO;Autostrada A22 del Brennero
VICOLO ABAZIA;Vicolo Abazia
VIA GIUSEPPE CESARE ABBA;Via Giuseppe Cesare Abba
VIA DEGLI ABETI;Via degli Abeti
VIA ABRUZZO;Via Abruzzo
VIA DELLE ACACIE;Via delle Acacie
VICOLO ACCOLITI;Vicolo Accoliti
VIA DEGLI ACERI;Via degli Aceri
INTERRATO ACQUA MORTA;Interrato Acqua Morta
VIA ADAMELLO;Via Adamello
VIA GIUSEPPE ADAMI;Via Giuseppe Adami
VIA ADDA;Via Adda
VIA ADELARDO;Via Adelardo
VO ADIGE;Vo' Adige
VIA ADIGETTO;Via Adigetto
VIA ADRIA;Via Adria
VIA ADUA;Via Adua
VIA AEROPORTO ANGELO BERARDI;Via Aeroporto Angelo Berardi
VICOLO CIECO AGNELLO;Vicolo Cieco Agnello
VIA AGNO;Via Agno
VIA DELLE AGOSTINIANE;Via delle Agostiniane
VIALE DELL'AGRICOLTURA;Viale dell'Agricoltura
VIA AGRIGENTO;Via Agrigento
VIA AIDA;Via Aida
VIA ALBERE;Via Albere
PIAZZETTA DON GIACOMO ALBERIONE;Piazzetta don Giacomo Alberione
VIA VALENTINO ALBERTI;Via Valentino Alberti
VIA MATTEO ALBERTINI;Via Matteo Albertini
VIA SILVIO ALDRIGHETTI;Via Silvio Aldrighetti
PONTE ALEARDO ALEARDI;Ponte Aleardo Aleardi
VIA FRATELLI ALESSANDRI;Via Fratelli Alessandri
VIA OTTAVIO ALECCHI;Via Ottavio Alecchi
VIA ALFONSINE;Via Alfonsine
VIA ALGERI;Via Algeri
VIA DANTE ALIGHIERI;Via Dante Alighieri
VIA DEGLI ALPINI;Via degli Alpini
VIA DEGLI ALPINISTI VERONESI;Via degli Alpinisti Veronesi
STRADA DELL'ALPO;Strada dell'Alpo
VIA ALTICHIERO;Via Altichiero
VIA AMANTI;Via Amanti
VICOLO AMANTI;Vicolo Amanti
VIA GIOVANNI AMENDOLA;Via Giovanni Amendola
VIA COLONNELLO ALBERTO ANDREANI;Via colonnello Alberto Andreani
VIA ANFITEATRO;Via Anfiteatro
VIA DIETRO ANFITEATRO;Via Dietro Anfiteatro
VIA ANGELICA;Via Angelica
VIA ANIENE;Via Aniene
VIA GIOVANNI ANSELMI;Via Giovanni Anselmi
VIA CARLO ANTI;Via Carlo Anti
VIA FRANCESCO ANZANI;Via Francesco Anzani
VIA APOLLO;Via Apollo
VIA AQUILEIA;Via Aquileia
STRADA PER ARBIZZANO;Strada per Arbizzano
VIA ARCHE SCALIGERE;Via Arche Scaligere
VIA ARCHIMEDE;Via Archimede
VIA ARCOLE;Via Arcole
PIAZZA DEGLI ARDITI;Piazza degli Arditi
VIA ETTORE ARDUINO;Via Ettore Arduino
VIA ARE COLTRI;Via Are Coltri
VIA ARE ZOVO;Via Are Zovo
VIA ARGENTA;Via Argenta
VIA DELLE ARGONNE;Via delle Argonne
VIA ARIANO;Via Ariano
VIA LUDOVICO ARIOSTO;Via Ludovico Ariosto
VIA ARNO;Via Arno
VIA ARQUA';Via Arquà
PIAZZA ARSENALE;Piazza Arsenale
VIA ARSENALE;Via Arsenale
VIA DELL'ARTIGIANATO;Via dell'Artigianato
VIA DELL'ARTIGLIERE;Via dell'Artigliere
VIA DEGLI ARUSNATI;Via degli Arusnati
VIA ANTONIO ASCARI;Via Antonio Ascari
VIA ASIAGO;Via Asiago
VIA DEGLI ASI;Via degli Asi
VIA CARLOTTA ASCHIERI;Via Carlotta Aschieri
VIA GIOVAN MATTEO ASOLA;Via Giovan Matteo Asola
VIA ASPROMONTE;Via Aspromonte
VIA ASTICO;Via Astico
PIAZZALE ATLETI AZZURRI D'ITALIA;Piazzale Atleti Azzurri d'Italia
VIA MICHELOTTO ATTENDOLO;Via Michelotto Attendolo
LUNGADIGE ATTIRAGLIO;Lungadige Attiraglio
VIA DELL'AUTIERE;Via dell'Autiere
VIA ANTONIO AVENA;Via Antonio Avena
PIAZZA AVESA;Piazza Avesa
CONTRADA AVESANI;Contrada Avesani
VIA BARTOLOMEO AVESANI;Via Bartolomeo Avesani
VIA GIOVANNI ANDREA AVOGADRO;Via Giovanni Andrea Avogadro
PIAZZA BACANAL;Piazza Bacanal
VIA BACCHIGLIONE;Via Bacchiglione
VICOLO CIECO BACCO;Vicolo Cieco Bacco
VIA BARTOLOMEO BACILIERI;Via Bartolomeo Bacilieri
VICOLO BACOLA;Vicolo Bacola
GIARDINI ROBERT BADEN POWELL;Giardini Robert Baden Powell
VIA ANTONIO BADILE;Via Antonio Badile
VIA SANDRO BAGANZANI;Via Sandro Baganzani
VIA FEDERICO BALCONI;Via Federico Balconi
VIA DON GIUSEPPE BALDO;Via don Giuseppe Baldo
VICOLO BALENA;Vicolo Balena
VIA ANTONIO BALESTRA;Via Antonio Balestra
VIA FRATELLI BALLERINI;Via Fratelli Ballerini
VIA BANCHETTE;Via Banchette
VIA FRATELLI BANDIERA;Via Fratelli Bandiera
VIA CAMILLO BANZATTI;Via Camillo Banzatti
VIA FRANCESCO BARACCA;Via Francesco Baracca
VIA BARANA;Via Barana
VIA BERTO BARBARANI;Via Berto Barbarani
VOLTO BARBARO;Volto Barbaro
VIA ERMOLAO BARBARO;Via Ermolao Barbaro
VIA COSTANTINO BARBATO;Via Costantino Barbato
VIA GIUSEPPE BARBIERI;Via Giuseppe Barbieri
VIA BARCHETTA;Via Barchetta
VIA BARRUCCHELLA;Via Barrucchella
VIA GIUSEPPE BARNI;Via Giuseppe Barni
VIA EUGENIO BARSANTI;Via Eugenio Barsanti
PERCORSO CICLO PEDONALE GINO BARTALI;Percorso Ciclo Pedonale Gino Bartali
VIA GIACOMO BARUCCHI;Via Giacomo Barucchi
VIA BASSA;Via Bassa
VIA DON LUIGI BASSANI;Via don Luigi Bassani
VIA MARCANTONIO BASSETTI;Via Marcantonio Bassetti
VIA DON BASSI;Via don Bassi
VIA UGO BASSI;Via Ugo Bassi
VIA EDOARDO BASSINI;Via Edoardo Bassini
VIA BASSO ACQUAR;Via Basso Acquar
VICOLO BASSO ACQUAR;Vicolo Basso Acquar
VIA BASSONE;Via Bassone
VIA CESARE BATTISTI;Via Cesare Battisti
VIA GENERALE BAVA;Via generale Bava
VIA GIULIO CESARE BECELLI;Via Giulio Cesare Becelli
VIA BELFIORE;Via Belfiore
VIA BELGIO;Via Belgio
VIA BELLARIA;Via Bellaria
VIA GIOVACCHINO BELLEZZA;Via Giovacchino Bellezza
VIA GIUSEPPE GIOACCHINO BELLI;Via Giuseppe Gioacchino Belli
VIA VINCENZO BELLINI;Via Vincenzo Bellini
VIA MONSIGNOR LORENZO BELLOMI;Via monsignor Lorenzo Bellomi
VIA BELLUNO;Via Belluno
VIA GIUSEPPE BELLUZZO;Via Giuseppe Belluzzo
VIA MONSIGNOR LUIGI BELLOTTI;Via monsignor Luigi Bellotti
VIA BELOBONO;Via Belobono
VIA GIOVANNI BELTRAME;Via Giovanni Beltrame
VIA GINO BELTRAMINI;Via Gino Beltramini
VIA BELVEDERE;Via Belvedere
VIA CARLO BELVIGLIERI;Via Carlo Belviglieri
VIA FRANCESCO BENAGLIO;Via Francesco Benaglio
VIA SANZIO BENAZZI;Via Sanzio Benazzi
VIA BENCIVENGA BIONDANI;Via Bencivenga Biondani
VIA PASQUALINO BENEDETTI;Via Pasqualino Benedetti
VIA BENEDETTINE;Via Benedettine
GIARDINI PETER BENENSON;Giardini Peter Benenson
VIA BENGASI;Via Bengasi
VIA VINCENZO BENINI;Via Vincenzo Benini
VIA MARCANTONIO BENTEGODI;Via Marcantonio Bentegodi
CORTE BENTIVOGLIO;Corte Bentivoglio
VIA DON BEPO;Via don Bepo
VIA BERBERA;Via Berbera
PIAZZA ENRICO BERNARDI;Piazza Enrico Bernardi
VIA FRANCESCO BERNI;Via Francesco Berni
VIA BERNINI BURI;Via Bernini Buri
VIA DEL BERSAGLIERE;Via del Bersagliere
VIA ANTONIO BERTOLDI;Via Antonio Bertoldi
VIA DON GASPARE BERTONI;Via don Gaspare Bertoni
VIA CESARE BETTELONI;Via Cesare Betteloni
VIA ZACCARIA BETTI;Via Zaccaria Betti
VIA DELLE BETULLE;Via delle Betulle
VIA DEI BEVILACQUA;Via dei Bevilacqua
VIA BEZZECCA;Via Bezzecca
VIA GIUSEPPE BIADEGO;Via Giuseppe Biadego
VIA FRANCESCO BIANCHINI;Via Francesco Bianchini
VIA GIO BATTA BIANCOLINI;Via Gio Batta Biancolini
VIA DEI BIANCOSPINI;Via dei Biancospini
VIA LEOPOLDO BIASI;Via Leopoldo Biasi
VIA BINELUNGHE;Via Binelunghe
STRADELLA BIONDE;Stradella Bionde
VIA BIONDE;Via Bionde
VIA BIONDELLA;Via Biondella
VIA BISANO;Via Bisano
VIA BISENZIO;Via Bisenzio
VIALE NINO BIXIO;Viale Nino Bixio
VIA LUIGI BOCCHERINI;Via Luigi Boccherini
VIA UMBERTO BOCCIONI;Via Umberto Boccioni
VIA GIOVANNI BATTISTA BODONI;Via Giovanni Battista Bodoni
VIA UMBERTO BOGGIAN;Via Umberto Boggian
VIA BOGON;Via Bogon
VIA MATTEO BOIARDO;Via Matteo Boiardo
VIA ARRIGO BOITO;Via Arrigo Boito
VIA BOLDIERE;Via Boldiere
VIA BOLZANO;Via Bolzano
VIA BOMBARDI;Via Bombardi
VIA PINAMONTE BONACOLSI;Via Pinamonte Bonacolsi
VIA PIETRO BONALINO;Via Pietro Bonalino
VIA CATERINA BON BRENZONI;Via Caterina Bon Brenzoni
VIA JACOPO BONFADIO;Via Jacopo Bonfadio
VIA BONINCONTRO;Via Bonincontro
VIA LUIGI BONOMI;Via Luigi Bonomi
VIA BONUZZO SANT'ANNA;Via Bonuzzo Sant'Anna
VIA LUIGI BONZANINI;Via Luigi Bonzanini
STRADA DEL BORAGO;Strada del Borago
CONTRADA BORDELE';Contrada Bordelè
VICOLO BORELLA;Vicolo Borella
VICOLO CIECO BORGO TASCHERIO;Vicolo Cieco Borgo Tascherio
VICOLO BORGO TASCHERIO;Vicolo Borgo Tascherio
VIA PAOLO BORSELLINO;Via Paolo Borsellino
PIAZZALE DON GIUSEPPE BOSCAINI;Piazzale don Giuseppe Boscaini
VICOLO CIECO BOSCARELLO;Vicolo Cieco Boscarello
VIA BOSCO;Via Bosco
LARGO DON GIOVANNI BOSCO;Largo don Giovanni Bosco
VIA BOSCOMANTICO;Via Boscomantico
VICOLO BOTTE;Vicolo Botte
VIA VITTORIO BOTTEGO;Via Vittorio Bottego
VIA BOVO;Via Bovo
VIA GINO BOZZINI;Via Gino Bozzini
PIAZZA BRA';Piazza Brà
VIA BRAMANTE;Via Bramante
PIAZZETTA BRA' MOLINARI;Piazzetta Brà Molinari
VIA BRANDIMARTE;Via Brandimarte
VIA GUGLIELMO BRAVO;Via Guglielmo Bravo
VIA BRAZZE;Via Brazze
VIA BRECCIA SAN GIORGIO;Via Breccia San Giorgio
VIALE DEL BRENNERO;Viale del Brennero
VIA BRENTA;Via Brenta
STRADA BRESCIANA;Strada Bresciana
VIA CAMILLO CESARE BRESCIANI;Via Camillo Cesare Bresciani
VIA BRIGATA ACQUI;Via Brigata Acqui
VIA BRIGATA AOSTA;Via Brigata Aosta
VIA BRIGATA CASALE;Via Brigata Casale
VIA BRIGATA COMPOSTA;Via Brigata Composta
VIA BRIGATA CUNEO;Via Brigata Cuneo
VIA BRIGATA GUARDIE;Via Brigata Guardie
VIA BRIGATA PIEMONTE;Via Brigata Piemonte
VIA BRIGATA REGINA;Via Brigata Regina
VIA BRIGATA ROBILANT;Via Brigata Robilant
VIA BRIGATA SASSARI;Via Brigata Sassari
VIA BRIGATA SAVOIA;Via Brigata Savoia
VIA BRIGATA TOSCANA;Via Brigata Toscana
VIA BRIOLOTTO;Via Briolotto
VIA BRIONI;Via Brioni
PIAZZA GIACOMO BRODOLINI;Piazza Giacomo Brodolini
VIA ANGELO BROFFERIO;Via Angelo Brofferio
VICOLO BROGLIO;Vicolo Broglio
VIA GIOACCHINO BROGNOLIGO;Via Gioacchino Brognoligo
PIAZZA BROILO;Piazza Broilo
VICOLO BROILO;Vicolo Broilo
VIA FRATELLI BRONZETTI;Via Fratelli Bronzetti
VIA FILIPPO BRUNELLESCHI;Via Filippo Brunelleschi
VIA GIORDANO BRUNO;Via Giordano Bruno
VICOLO BRUSCO;Vicolo Brusco
PIAZZALE BUCCARI;Piazzale Buccari
VIA ANGELO BUTTURINI;Via Angelo Butturini
VIA DINO BUZZATI;Via Dino Buzzati
VIA VINCENZO CABIANCA;Via Vincenzo Cabianca
VIA GIOVANNI CABOTO;Via Giovanni Caboto
STRADA DI CA' BRUSA';Strada di Ca' Brusà
VIA OTTAVIO CACCIA;Via Ottavio Caccia
VIA CACCIATORI DELLE ALPI;Via Cacciatori delle Alpi
VIA CACCIATORI PIEMONTESI;Via Cacciatori Piemontesi
VIA CA' DEI RECCHI;Via Ca' dei Recchi
STRADELLA CA' DEL BISSO;Stradella Ca' del Bisso
VIA CA' DELL'ALBERA;Via Ca' dell'Albera
VIA CA' DI APRILI;Via Ca' di Aprili
LARGO CA' DI COZZI;Largo Ca' di Cozzi
VIA CA' DI COZZI;Via Ca' di Cozzi
VIA CA' DI MAZZE';Via Ca' di Mazze'
VIA CA' DI RAFFALDO;Via Ca' di Raffaldo
PIAZZALE CADORNA;Piazzale Luigi Cadorna
CORTE CADREGA;Corte Cadrega
CORTICELLA CADREGA;Corticella Cadrega
VIA CADREGA;Via Cadrega
VICOLO CADREGA;Vicolo Cadrega
PIAZZA DEI CADUTI;Piazza dei Caduti
VIALE CADUTI DEL LAVORO;Viale Caduti del Lavoro
GIARDINI CADUTI DI NASSIRIYA;Giardini Caduti di Nassiriya
VIALE CADUTI SENZA CROCE;Viale Caduti Senza Croce
VIA ANTONIO CAGNOLI;Via Antonio Cagnoli
VIA CAIO';Via Caiò
VIA FRANCESCO CAIROLI;Via Francesco Cairoli
VIA CALABRIA;Via Calabria
LARGO DON GIOVANNI CALABRIA;Largo don Giovanni Calabria
VIA CALATAFIMI;Via Calatafimi
VICOLO CALCINA;Vicolo Calcina
VICOLO CALCIRELLI;Vicolo Calcirelli
LARGO CARLO CALDERA;Largo Carlo Caldera
VIA MARIO CALDERARA;Via Mario Calderara
VIA DOMIZIO CALDERINI;Via Domizio Calderini
VIA ABATE PIETRO CALIARI;Via abate Pietro Caliari
VIA PAOLO CALIARI;Via Paolo Caliari
VIA MARIA CALLAS;Via Maria Callas
VIA PIER FORTUNATO CALVI;Via Pier Fortunato Calvi
VIA CAMALDOLA;Via Camaldola
VIA CAMERA DI COMMERCIO;Via Camera di Commercio
VIA GIAN CARLO CAMOZZINI;Via Gian Carlo Camozzini
VIA GIROLAMO CAMPAGNA;Via Girolamo Campagna
VIA CAMPAGNETTA;Via Campagnetta
CONTRADA CAMPAGNOLA;Contrada Campagnola
LUNGADIGE CAMPAGNOLA;Lungadige Campagnola
VIA CAMPAGNOL DI TOMBETTA;Via Campagnol di Tombetta
VIA CAMPAGNOLE;Via Campagnole
VIA DIETRO CAMPAGNOLE;Via Dietro Campagnole
VIA TOMMASO CAMPANELLA;Via Tommaso Campanella
VIA CAMPANIA;Via Campania
VICOLO CAMPANILE FILIPPINI;Vicolo Campanile Filippini
VICOLO DIETRO CAMPANILE FILIPPINI;Vicolo Dietro Campanile Filippini
VIA DIETRO CAMPANILE SAN TOMASO;Via Dietro Campanile San Tomaso
VICOLO DIETRO CAMPANILE SAN TOMASO;Vicolo Dietro Campanile San Tomaso
VIA CAMPANILE VECCHIO;Via Campanile Vecchio
VICOLO CAMPETTO;Vicolo Campetto
VIA CAMPOFIORE;Via Campofiore
VICOLO CAMPOFIORE;Vicolo Campofiore
VIA CAMPO MARZO;Via Campo Marzo
VIA CAMPOSANTO;Via Camposanto
VIA CAMPO SPORTIVO;Via Campo Sportivo
VICOLO CIECO CAMPOSTRINI;Vicolo Cieco Campostrini
VIA GIULIO CAMUZZONI;Via Giulio Camuzzoni
VIA CANALE MILANI;Via Canale Milani
VIA CANCELLO;Via Cancello
VIA CANDIA;Via Candia
GIARDINI ALESSANDRO CANESTRARI;Giardini Alessandro Canestrari
LUNGADIGE CANGRANDE;Lungadige Cangrande
VICOLO CANNONE;Vicolo Cannone
VIA ALESSANDRO CANOBBIO;Via Alessandro Canobbio
VIA CA' NOVA;Via Ca' Nova
STRADA CA' NOVA TORO;Strada Ca' Nova Toro
VIA CA' NOVE RONCHI;Via Ca' Nove Ronchi
VIA CANTARANE;Via Cantarane
VIA ANTONIO CANTORE;Via Antonio Cantore
VIA CAOVILLA;Via Caovilla
VIA AUGUSTO CAPERLE;Via Augusto Caperle
VIA DEL CAPITEL;Via del Capitel
VIA CAPODISTRIA;Via Capodistria
VIA FRANCO CAPPA;Via Franco Cappa
VIA CAPPELLETTA;Via Cappelletta
VIA CARLO CAPPELLI;Via Carlo Cappelli
VIA ALFREDO CAPPELLINI;Via Alfredo Cappellini
VIA CAPPELLO;Via Cappello
VIA CAPRARA;Via Caprara
VIA CAPRERA;Via Caprera
PIAZZETTA CAPRETTO;Piazzetta Capretto
VIA DAVIDE CAPRIOLI;Via Davide Caprioli
LUNGADIGE CAPULETI;Lungadige Capuleti
CORTICELLA CARBONAI;Corticella Carbonai
PIAZZETTA CARBONAI;Piazzetta Carbonai
VICOLO CARBONAI;Vicolo Carbonai
VIA CARBONARE;Via Carbonare
VIA STANISLAO CARCERERI;Via Stanislao Carcereri
VIALE CARDINALE GIROLAMO;Viale Girolamo Cardinale
VIA GIOSUE' CARDUCCI;Via Giosuè Carducci
VIA CARLO CARINELLI;Via Carlo Carinelli
VIA AMEDEO CARISIO;Via Amedeo Carisio
VIA ALESSANDRO CARLI;Via Alessandro Carli
VIA CARLO ALBERTO;Via Carlo Alberto
VIA ALESSANDRO CARLOTTI;Via Alessandro Carlotti
VIA FRANCESCO CARMAGNOLA;Via Francesco Carmagnola
VIA CARMELITANI SCALZI;Via Carmelitani Scalzi
VICOLO CARMELITANI SCALZI;Vicolo Carmelitani Scalzi
VICOLO CIECO CARNEVALE;Vicolo Cieco Carnevale
VIA CARNIA;Via Carnia
VIA GIOVANNI FRANCESCO CAROTO;Via Giovanni Francesco Caroto
VIA DEI CARPINI;Via dei Carpini
VIA MONSIGNOR GIUSEPPE CARRARO;Via monsignor Giuseppe Carraro
VIA DEL CARRISTA;Via del Carrista
VIA DEL CARROCCIO;Via del Carroccio
VIA CARSO;Via Carso
CONTRADA CASAI;Contrada Casai
VIA CASALETTO;Via Casaletto
STRADA DEL CASALINO;Strada del Casalino
VIA LORENZO CASARINI;Via Lorenzo Casarini
CASE FERROVIERI PORTA NUOVA;Case Ferrovieri Porta Nuova
VICOLO CASE NUOVE;Vicolo Case Nuove
VICOLO DIETRO CASERMA CHIODO;Vicolo Dietro Caserma Chiodo
VIA CASERMA OSPITAL VECCHIO;Via Caserma Ospital Vecchio
GIARDINI EZIO MARIA CASERTA;Giardini Ezio Maria Caserta
VICOLO CASE ROTTE;Vicolo Case Rotte
VIA CASON;Via Cason
VIA FELICE CASORATI;Via Felice Casorati
VIA DEI CASTAGNI;Via dei Castagni
VIA DEI CASTELBARCO;Via dei Castelbarco
VIA CASTELBERTO;Via Castelberto
VIA CASTELFIDARDO;Via Castelfidardo
STRADA CASTELLANA;Strada Castellana
VIA CASTELLO;Via Castello
VIA CASTELLO SAN FELICE;Via Castello San Felice
VICOLO CASTELLO SAN FELICE INTUS;Vicolo Castello San Felice Intus
VIA CASTEL MONTORIO;Via Castel Montorio
VIA CASTELNUOVO;Via Castelnuovo
VICOLO CASTELROTTO;Vicolo Castelrotto
PIAZZALE CASTEL SAN PIETRO;Piazzale Castel San Pietro
SCALONE CASTEL SAN PIETRO;Scalone Castel San Pietro
VIA CASTEL SAN PIETRO;Via Castel San Pietro
VICOLO DIETRO CASTEL SAN PIETRO;Vicolo Dietro Castel San Pietro
CORSO CASTELVECCHIO;Corso Castelvecchio
PONTE CASTELVECCHIO;Ponte Castelvecchio
PIAZZETTA CASTELVECCHIO;Piazzetta Castelvecchio
LARGO BRUNO CASTIGLIONI;Largo Bruno Castiglioni
VIA ALFREDO CATALANI;Via Alfredo Catalani
VIA CATANIA;Via Catania
LUNGADIGE CATENA;Lungadige Catena
PONTE CATENA;Ponte Catena
VIA CARLO CATTANEO;Via Carlo Cattaneo
VIA FRANCO MARIA CATTARINETTI;Via Franco Maria Cattarinetti
VIA VALERIO CATULLO;Via Valerio Catullo
VIA CAVA BRADISA;Via Cava Bradisa
VIA GIOVANNI BATTISTA CAVALCASELLE;Via Giovanni Battista Cavalcaselle
VIA CAVALCHINA;Via Cavalchina
PIAZZA DON GIUSEPPE CAVALLERI;Piazza don Giuseppe Cavalleri
VICOLO CAVALLETTO;Vicolo Cavalletto
VIA FELICE CAVALLOTTI;Via Felice Cavallotti
CORSO CAVOUR;Corso Cavour
VIA CAVRIANA;Via Cavriana
VIA DEI CEDRI;Via dei Cedri
VIA CEFALONIA;Via Cefalonia
VIA CEFEO;Via Cefeo
VIA CELLORE;Via Cellore
VIA LODOVICO CENDRATA;Via Lodovico Cendrata
VIA CENTRO;Via Centro
VICOLO CERE;Vicolo Cere
VIA GIOVANNI CERIOTTO;Via Giovanni Ceriotto
VIA ANTONIO CERNISONE;Via Antonio Cernisone
VIA CESARE CERONI BASSANI;Via Cesare Ceroni Bassani
VIA VIRGILIO CERPELLONI;Via Virgilio Cerpelloni
VIA FRATELLI CERVI;Via Fratelli Cervi
VIA CERVIA;Via Cervia
PIAZZA CERVIGNANO;Piazza Cervignano
VIA CERVINO;Via Cervino
VIA ANTONIO CESARI;Via Antonio Cesari
VIA CESENA;Via Cesena
VIA CESIOLO;Via Cesiolo
VIA CHERSO;Via Cherso
VIA LUIGI CHERUBINI;Via Luigi Cherubini
VIA FRANCESCO CHESTA;Via Francesco Chesta
GIARDINI RENZO CHIARELLI;Giardini Renzo Chiarelli
CORTICELLA DIETRO CHIAVICA;Corticella Dietro Chiavica
PIAZZETTA CHIAVICA;Piazzetta Chiavica
VICOLO CIECO CHIAVICA;Vicolo Cieco Chiavica
VIA GIORDANO CHIERIGHINI;Via Giordano Chierighini
PIAZZA DELLA CHIESA;Piazza della Chiesa
VIA DELLA CHIESA;Via della Chiesa
VIA DAMIANO CHIESA;Via Damiano Chiesa
PIAZZA CHIEVO;Piazza Chievo
VIA DELLA CHIMICA;Via della Chimica
VIA GENERALE CHINOTTO;Via generale Edoardo Chinotto
VIA ANDREA CHIOCCO;Via Andrea Chiocco
VIA CHIODA;Via Chioda
VICOLO CHIODO;Vicolo Chiodo
LARGO DON GIUSEPPE CHIOT;Largo don Giuseppe Chiot
VICOLO CICALE;Vicolo Cicale
VIA GIAMBETTINO CIGNAROLI;Via Giambettino Cignaroli
VIA CIGNO;Via Cigno
VICOLO CIGNO;Vicolo Cigno
VIA FRANCESCO CILEA;Via Francesco Cilea
VIA DOMENICO CIMAROSA;Via Domenico Cimarosa
PIAZZA GIUSEPPE CIMARRUSTI  E DAVIDE TURAZZA;Piazza Giuseppe Cimarrusti e Davide Turazza
PIAZZALE DEL CIMITERO;Piazzale del Cimitero
VIA CIMITERO;Via Cimitero
VIA CARLO CIPOLLA;Via Carlo Cipolla
VIA DEI CIPRESSI;Via dei Cipressi
VIA CIPRO;Via Cipro
VICOLETTO CIRCOLO;Vicoletto Circolo
VICOLO CIRCOLO;Vicolo Circolo
VIA CISMON;Via Cismon
PIAZZA CISTERNA;Piazza Cisterna
PIAZZA CITTADELLA;Piazza Cittadella
VIA CITTA' DI NIMES;Via Città di Nimes
VIA CLOCEGO;Via Clocego
GIARDINI - CAV. PIETRO COBELLI;Giardini - Cav. Pietro Cobelli
VIA CODIGORO;Via Codigoro
GIARDINI PLINIO CODOGNATO;Giardini Plinio Codognato
VICOLO CIECO COELI;Vicolo Cieco Coeli
VIA COLBRICON;Via Col Bricon
VIA COL DI LANA;Via Col di Lana
VIA BARTOLOMEO COLLEONI;Via Bartolomeo Colleoni
VIALE DEI COLLI;Viale dei Colli
VIA COLLI BERICI;Via Colli Berici
VIA COLLI EUGANEI;Via Colli Euganei
VIA DELLA COLLINA;Via della Collina
VICOLETTO CIECO COLOMBA;Vicoletto Cieco Colomba
VIA COLOMBARA;Via Colombara
VICOLO COLOMBINE;Vicolo Colombine
VIALE CRISTOFORO COLOMBO;Viale Cristoforo Colombo
VIA COLONIA ORFANI DI GUERRA;Via Colonia Orfani di Guerra
VIA COMACCHIO;Via Comacchio
VIA COMBATTENTI ALLEATI;Via Combattenti Alleati
VIA DANIELE COMBONI;Via Daniele Comboni
GIARDINI MONSIGNOR COMBONI DANIELE;Giardini monsignor Comboni Daniele
VIALE DEL COMMERCIO;Viale del Commercio
VIA GINO COMPRI;Via Gino Compri
VIA DEL COMUNE;Via del Comune
VIA DELLA CONCORDIA;Via della Concordia
VIA CONEGLIANO;Via Conegliano
VIA PIERO CONFORTINI;Via Piero Confortini
VIA CONI ZUGNA;Via Coni Zugna
VIA ADOLFO CONSOLINI;Via Adolfo Consolini
VIA DELLA CONSORTIA;Via della Consortia
VIA CONTARINA;Via Contarina
VIA AMBROGIO CONTARINI;Via Ambrogio Contarini
VIA CONTRADA GRANDE;Via Contrada Grande
VICOLO CONVENTINO;Vicolo Conventino
CORTE CONVENTO;Corte Convento
VIA NICOLO' COPERNICO;Via Nicolò Copernico
VIA COPPARO;Via Copparo
VIA BERNARDO CORBELLA;Via Bernardo Corbella
VIA DELLE CORDE;Via delle Corde
VIA CORFU';Via Corfù
VIA CORMONS;Via Cormons
VIA CORNELIO NEPOTE;Via Cornelio Nepote
VIA PUBLIO POMPONIO CORNELIANO;Via Publio Pomponio Corneliano
VIA CORNO D'AQUILIO;Via Corno d'Aquilio
VIA FRATELLI CORRA';Via Fratelli Corrà
PIAZZA CORRUBBIO;Piazza Corrubbio
VIA GIORDANO CORSINI;Via Giordano Corsini
VIA GIUSEPPE CORSO;Via Giuseppe Corso
CORTE CORTALTA;Corte Cortalta
VIA CORTE AVANZI;Via Corte Avanzi
STRADA DELLA CORTE BASSA;Strada della Corte Bassa
VOLTO CORTE FARINA;Volto Corte Farina
STRADA CORTE GAROFOLO;Strada Corte Garofolo
VIA CORTE SALVI;Via Corte Salvi
VICOLO CORTE SPAGNOLA;Vicolo Corte Spagnola
VICOLO CORTILI;Vicolo Cortili
VIA PIETRO COSSALI;Via Pietro Cossali
VIA DELLA COSTA;Via della Costa
VIA DELLE COSTE;Via delle Coste
STRADA DEL COSTOLO;Strada del Costolo
VIA GIOVANNI COTTA;Via Giovanni Cotta
VIA TULLIO COVRE;Via Tullio Covre
VIA COZZI;Via Cozzi
VIA SANTE CREARA;Via Sante Creara
VIA AL CRISTO;Via al Cristo
VIA ADRIANO CRISTOFOLI;Via Adriano Cristofoli
VIA CROCE BIANCA;Via Croce Bianca
VIA CROCE DEL GAL;Via Croce del Gal
VICOLETTO CIECO CROCE DI MALTA;Vicoletto Cieco Croce di Malta
VICOLO CROCE VERDE;Vicolo Croce Verde
VICOLO CROCIONI;Vicolo Crocioni
VIA CROTONE;Via Crotone
VIA EUGENIO CURIEL;Via Eugenio Curiel
VIA CURTATONE;Via Curtatone
VIA CUSTOZA;Via Custoza
VIA ALBERICO DA BARBIANO;Via Alberico da Barbiano
VIA ARNALDO DA BRESCIA;Via Arnaldo da Brescia
VIA BONINO DA CAMPIONE;Via Bonino da Campione
VIA TADDEA DA CARRARA;Via Taddea da Carrara
VIA PARIDE DA CEREA;Via Paride da Cerea
VIA BERNARDO DA CHIARAVALLE;Via Bernardo da Chiaravalle
VIA MANFREDO DA CORTENOVA;Via Manfredo da Cortenova
VIA SALVO D'ACQUISTO;Via Salvo d'Acquisto
VIA  GEROLAMO DAI LIBRI;Via Girolamo Dai Libri
VIALE LUCIANO DAL CERO;Viale Luciano Dal Cero
VIA ANTONIO DA LEGNAGO;Via Antonio da Legnago
VIA FRANCESCO DA LEVANTO;Via Francesco da Levanto
VIA CESARE DAL FABBRO;Via Cesare dal Fabbro
VIA ALESSANDRO DA LISCA;Via Alessandro da Lisca
VIA EVARISTO FELICE DALL'ABACO;Via Evaristo Felice Dall'Abaco
VIA GIANATTILIO DALLA BONA;Via Gianattilio Dalla Bona
VIA CARLO ALBERTO DALLA CHIESA;Via Carlo Alberto Dalla Chiesa
VIA GIROLAMO DALLA CORTE;Via Girolamo Dalla Corte
VIA GIOVANNI BATTISTA DALLA RIVA;Via Giovanni Battista Dalla Riva
VIA DON LINO DALLE ASTE;Via don Lino Dalle Aste
PIAZZA ANGELO DALL'OCA BIANCA;Piazza Angelo Dall'Oca Bianca
VIA SEBASTIANO DAL VINO;Via Sebastiano dal Vino
VIA GIANBATTISTA DA MONTE;Via Gianbattista da Monte
VIA ALVISE DA MOSTO;Via Alvise Da Mosto
VIA ANDREA D'ANGELI;Via Andrea d'Angeli
VIA ENRICO DANDOLO;Via Enrico Dandolo
VIA DANIELI;Via Danieli
VIALE GABRIELE D'ANNUNZIO;Viale Gabriele D'Annunzio
VIA GIOVANNI DA PALESTRINA;Via Giovanni da Palestrina
VIA ELENA DA PERSICO;Via Elena Da Persico
VIA SAMARITANA DA POLENTA;Via Samaritana da Polenta
VIA LUIGI DA PORTO;Via Luigi da Porto
VIA LEONARDO DA QUINTO;Via Leonardo da Quinto
VIA GAETANO DA RE;Via Gaetano da Re
VIA GUIDO D'AREZZO;Via Guido d'Arezzo
VIA BARTOLOMEO DARIFF;Via Bartolomeo Dariff
VIA VERDE DA SALIZZOLE;Via Verde da Salizzole
VIA ANTONIO DA SANGALLO;Via Antonio da Sangallo
VIA ANNA DA SCHIO;Via Anna da Schio
VIA FRANCESCO DA SONCINO;Via Francesco da Soncino
VIA ANGELO DA VELO;Via Angelo da Velo
VIA GUARINO DA VERONA;Via Guarino da Verona
VIA LIBERALE DA VERONA;Via Liberale da Verona
VIA GIOVANNI DA VERRAZZANO;Via Giovanni da Verrazzano
VIA TOMASO DA VICO;Via Tomaso da Vico
VIA ENRICO CATERINO DAVILA;Via Enrico Caterino Davila
VIA RINALDO DA VILLAFRANCA;Via Rinaldo da Villafranca
VIA LEONARDO DA VINCI;Via Leonardo da Vinci
VIA MASSIMO D'AZEGLIO;Via Massimo d'Azeglio
VIA GIUSEPPE DEAMBROGI;Via Giuseppe Deambrogi
PIAZZA EDMONDO DE AMICIS;Piazza Edmondo De Amicis
VIA LUDOVICO DE BESI;Via Ludovico De Besi
VIA EDOARDO DE BETTA;Via Edoardo De Betta
VIA PLACIDA DE CALISTANI;Via Placida de Calistani
VICOLO BERNARDO DE CANAL;Vicolo Bernardo de Canal
VIA VASCO DE GAMA;Via Vasco de Gama
VIA DINO DEGANI;Via Dino Degani
PIAZZETTA ALCIDE DE GASPERI;Piazzetta Alcide De Gasperi
VIA FILIPPO DE GIROLAMO;Via Filippo De Girolamo
VIA BENEDETTO DEL BENE;Via Benedetto Del Bene
VIA GASPARE DEL CARRETTO;Via Gaspare Del Carretto
VIA GIOVANNI DELLA CASA;Via Giovanni Della Casa
VIA ALBERTO DELLA SCALA;Via Alberto della Scala
VIA DELLA SCALA BRUNORO;Via Brunoro della Scala
VIA MASTIN DELLA SCALA;Via Mastino della Scala
VIA MARCANTONIO DELLA TORRE;Via Marcantonio della Torre
VIA DELLE RIVE;Via delle Rive
VIA CARLO DEL PRETE;Via Carlo Del Prete
VIA ENRICO DE NICOLIS;Via Enrico de Nicolis
VIA FRATELLI DE PAOLI;Via Fratelli De Paoli
VIA FRANCESCO DE PINEDO;Via Francesco De Pinedo
VICOLO DERELITTI;Vicolo Derelitti
VIA GIORGIO DE SANDRE;Via Giorgio de Sandre
VIA ERCOLE D'ESTE;Via Ercole d'Este
VIA STEFANO DE STEFANI;Via Stefano De Stefani
VIA GABRIELE DE ZERBIS;Via Gabriele de Zerbis
VIA BENSO DI ARIOLFO;Via Benso di Ariolfo
VIA GENERALE ARMANDO DIAZ;Via generale Armando Diaz
VIA ARNOLFO DI CAMBIO;Via Arnolfo di Cambio
VIA MADDALENA DI CANOSSA;Via Maddalena di Canossa
VIA DELLA DIGA;Via della Diga
PONTE DIGA DI CHIEVO;Ponte Diga di Chievo
PONTE DIGA PESTRINO;Ponte Diga Pestrino
VIA FEDERICO DA MONTEFELTRO;Via Federico da Montefeltro
VIA ARMANDO DI PIETRO;Via Armando Di Pietro
VIA GIACOMO DIONISI;Via Giacomo Dionisi
VIA PIETRO DI SACCO;Via Pietro Di Sacco
VIA MAFALDA DI SAVOIA;Via Mafalda di Savoia
VICOLETTO CIECO DISCIPLINA;Vicoletto Cieco Disciplina
VICOLO DISCIPLINA;Vicolo Disciplina
PARCO DIVISIONE ACQUI;Parco Divisione Acqui
LARGO DIVISIONE PASUBIO;Largo Divisione Pasubio
VIA DOBERDO';Via Doberdò
CORTE DOGANA;Corte Dogana
VIA DOGANA;Via Dogana
VIA DOLOMITI;Via Dolomiti
VIA GIO BATTA DOMASCHI;Via Gio Batta Domaschi
VIA ALBERTO DOMINUTTI;Via Alberto Dominutti
LUNGADIGE TULLIO DONATELLI;Lungadige Tullio Donatelli
VIA CARLO DONATI;Via Carlo Donati
GIARDINI FRANCO DONATONI;Giardini Franco Donatoni
PIAZZA DONATORI DI SANGUE;Piazza Donatori di Sangue
VIA GAETANO DONIZETTI;Via Gaetano Donizetti
VIA DORA BALTEA;Via Dora Baltea
VIA ANDREA DORIA;Via Andrea Doria
VIA LUIGI DORIGO;Via Luigi Dorigo
VIA GIOVANNI E VITTORIO DUCA;Via Giovanni e Vittorio Duca
CONTRADA DUELLO;Contrada Duello
VICOLETTO DUE MORI;Vicoletto Due Mori
VICOLO DUE MORI;Vicolo Due Mori
VOLTO DUE MORI;Volto Due Mori
VICOLO DUE STELLE;Vicolo Due Stelle
PIAZZA DUOMO;Piazza Duomo
VIA DUOMO;Via Duomo
VICOLO DUOMO;Vicolo Duomo
VIA DURLINDANA;Via Durlindana
VIA ELEONORA DUSE;Via Eleonora Duse
VIA CARLO EDERLE;Via Carlo Ederle
VIA THOMAS ALVA EDISON;Via Thomas Alva Edison
VIA ALBERT EINSTEIN;Via Albert Einstein
VIA DELL'ELETTRONICA;Via dell'Elettronica
VIA FRANCESCO EMILEI;Via Francesco Emilei
VIA ANGELO EMO;Via Angelo Emo
VIA ENNA;Via Enna
VIA ERACLEA;Via Eraclea
PIAZZA DELLE ERBE;Piazza delle Erbe
VIA ERICE;Via Erice
VIA DELL'ESPERANTO;Via dell'Esperanto
VIA EUCLIDE;Via Euclide
PIAZZALE EUROPA;Piazzale Europa
VIA FABBRICATO SCOLASTICO;Via Fabbricato Scolastico
VIA FRANCO FACCIO;Via Franco Faccio
VIA DEI FAGGI;Via dei Faggi
VIA ETTORE FAGIUOLI;Via Ettore Fagiuoli
VIA VITTORIO FAINELLI;Via Vittorio Fainelli
VIA SERGIO FAILONI;Via Sergio Failoni
VIA FALCONA;Via Falcona
VIA GIOVANNI FALCONE;Via Giovanni Falcone
VIA GIOVANNI MARIA FALCONETTO;Via Giovanni Maria Falconetto
VIA MARIN FALIERO;Via Marin Faliero
GIARDINI ORIANA FALLACI;Giardini Oriana Fallaci
VIA FAMA;Via Fama
VIA DEL FANTE;Via del Fante
CORTE FARINA;Corte Farina
VIA FARINATI DEGLI UBERTI TOLOSETTO;Via Tolosetto Farinati degli Uberti
VIA FASOLA;Via Fasola
VIA COLONNELLO FASOLI;Via colonnello Fasoli
VIA GIOVANNI FATTORI;Via Giovanni Fattori
VIA LORENZO FAVA;Via Lorenzo Fava
VIA GIACOMO FAVRETTO;Via Giacomo Favretto
VIA ALDO FEDELI;Via Aldo Fedeli
VIA GIANFRANCO FEDRIGONI;Via Gianfranco Fedrigoni
VIA RICCARDO FELICI;Via Riccardo Felici
VIA FELICE FELICIANO;Via Felice Feliciano
VIA FENILON;Via Fenilon
VIA ENRICO FERMI;Via Enrico Fermi
VIA FERRARA;Via Ferrara
VIA CIRO FERRARI;Via Ciro Ferrari
VIA ENZO FERRARI;Via Enzo Ferrari
VIA ARTURO FERRARIN;Via Arturo Ferrarin
STRADA DELLA FERRIERA;Strada della Ferriera
VIA FRATELLI FERRONI;Via Fratelli Ferroni
VIA FRANCESCO FERRUCCI;Via Francesco Ferrucci
VIA DEI FIDENZI;Via dei Fidenzi
VIALE DELLA FIERA;Viale della Fiera
VIA DELLA FILANDA;Via della Filanda
VIA FILIPPINI;Via Filippini
VIA DIETRO FILIPPINI;Via Dietro Filippini
VICOLETTO CIECO FILIPPINI;Vicoletto Cieco Filippini
VO' FILIPPINI;Vo' Filippini
VIA QUIRICO FILOPANTI;Via Quirico Filopanti
VIA FABIO FILZI;Via Fabio Filzi
VIA COLONNELLO GIOVANNI FINCATO;Via colonnello Giovanni Fincato
VIA BASILIO FINETTO;Via Basilio Finetto
VIA FIORANE;Via Fiorane
VIA FIORDILIGI;Via Fiordiligi
GIARDINI MANUEL FIORITO;Giardini Manuel Fiorito
VIA FIUME;Via Fiume
VIA LEONELLO FIUMI;Via Leonello Fiumi
VIA FIUMICELLO;Via Fiumicello
VICOLO CIECO FIUMICELLO;Vicolo Cieco Fiumicello
VIA MARCANTONIO FLAMINIO;Via Marcantonio Flaminio
VIA DOMENICO FRANGINI;Via Domenico Frangini
VIA ALESSANDRO FLEMING;Via Alessandro Fleming
VIA GALEAZZO FLORIMONTE;Via Galeazzo Florimonte
VIA ANTONIO FOGAZZARO;Via Antonio Fogazzaro
VIA DELLE FOGGE;Via delle Fogge
CORTICELLA FONDACHETTO;Corticella Fondachetto
VICOLETTO CIECO FONDACHETTO;Vicoletto Cieco Fondachetto
SALITA FONTANA DEL FERRO;Salita Fontana del Ferro
VIA FONTANA DEL FERRO;Via Fontana del Ferro
VICOLO CIECO FONTANE;Vicolo Cieco Fontane
VOLTO FONTANE;Volto Fontane
VIA FONTANE DI SOPRA;Via Fontane di Sopra
VICOLETTO FONTANELLE DUOMO;Vicoletto Fontanelle Duomo
VICOLETTO CIECO FONTANELLE DUOMO;Vicoletto Cieco Fontanelle Duomo
VICOLO FONTANELLE DUOMO;Vicolo Fontanelle Duomo
VICOLO FONTANELLE SAN NAZARO;Vicolo Fontanelle San Nazaro
PORTICHETTI FONTANELLE SANTO STEFANO;Portichetti Fontanelle Santo Stefano
VIA FONTANELLE SANTO STEFANO;Via Fontanelle Santo Stefano
VIA FONTE MENAGO;Via Fonte Menago
VIA FONTE TOGNOLA;Via Fonte Tognola
VIA VANNINA FONTE;Via Vannina Fonte
VIA FORLI';Via Forlì
VIA FORNARI;Via Fornari
VIA JACOPO FORONI;Via Jacopo Foroni
CONTRADA DEL FORTE;Contrada del Forte
STRADA FORTE PROCOLO;Strada Forte Procolo
VIA FORTE TOMBA;Via Forte Tomba
VIA FORTE AZZANO;Via Forte Azzano
VIA ACHILLE FORTI;Via Achille Forti
PARCO ACHILLE FORTI;Parco Achille Forti
VIA DEL FORTINO;Via del Fortino
VIA UGO FOSCOLO;Via Ugo Foscolo
VICOLO FOSSETTO;Vicolo Fossetto
VIA GEROLAMO FRACASTORO;Via Girolamo Fracastoro
VIA FRACAZZOLE;Via Fracazzole
VIA INNOCENZO FRACCAROLI;Via Innocenzo Fraccaroli
VIA FRA' GIOCONDO;Via fra' Giocondo
PIAZZA FRA' GIOVANNI;Piazza fra' Giovanni
VIA FRANCESCHINE;Via Franceschine
STRADELLA FRANCHE;Stradella Franche
VIA RAIMONDO FRANCHETTI;Via Raimondo Franchetti
VIA FRANCIA;Via Francia
VIA GENERALE FRANZINI;Via generale Franzini
VIA DEI FRASSINI;Via dei Frassini
VICOLO FRATE;Vicolo Frate
PARCO DELLA FRATELLANZA;Parco della Fratellanza
VIA FRATTA;Via Fratta
VIA PIETRO FRATTINI;Via Pietro Frattini
VIA FRIULI;Via Friuli
VIA FRIZZOLANA;Via Frizzolana
PIAZZA FRUGOSE;Piazza Frugose
VIA FUSARA;Via Fusara
CONTRADA GABBIA;Contrada Gabbia
VIA GALASSIA;Via Galassia
VIA GALILEO GALILEI;Via Galileo Galilei
VIALE COLONNELLO GALLIANO;Viale colonnello Galliano
VICOLO CIECO GALLINE;Vicolo Cieco Galline
VIA EUGENIO GALLIZIOLI;Via Eugenio Gallizioli
VIA GALLO;Via Gallo
LUNGADIGE GALTAROSSA;Lungadige Galtarossa
VIA LUIGI GALVANI;Via Luigi Galvani
VIA ADRIANO GARBINI;Via Adriano Garbini
VIA GARDESANE;Via Gardesane
PIAZZA GARIBALDI;Piazza Giuseppe Garibaldi
PONTE GARIBALDI;Ponte Giuseppe Garibaldi
VIA GARIBALDI;Via Giuseppe Garibaldi
VIA ANITA GARIBALDI;Via Anita Garibaldi
VIA GIUSEPPE GARIBBA;Via Giuseppe Garibba
VIA DEI GAROFANI;Via dei Garofani
VIA GASPARI;Via Gaspari
VIA GATTAMELATA;Via Gattamelata
VICOLETTO GATTO;Vicoletto Gatto
VICOLO GATTO;Vicolo Gatto
CONTRADA GAZZEGO;Contrada Gazzego
VIA GAZZERA;Via Gazzera
VIA GAZZO;Via Gazzo
VIA GELA;Via Gela
VIA GELMETTO;Via Gelmetto
VIA DEI GELSI;Via dei Gelsi
STRADA DELLA GENOVESA;Strada della Genovesa
VIA MONSIGNORE GIACOMO GENTILIN;Via monsignor Giacomo Gentilin
VIA GERARDO;Via Gerardo
VIA GERMANIA;Via Germania
VIA GHETTO;Via Ghetto
VICOLO GHIACCIAIA;Vicolo Ghiacciaia
VICOLO GHIAIA;Vicolo Ghiaia
STRADA DELLA GIARA;Strada della Giara
VIA GENERALE GAETANO GIARDINO;Via generale Gaetano Giardino
VIA GIARDINO GIUSTI;Via Giardino Giusti
STRADELLA GIAZZOLE;Stradella Giazzole
VIA GIAN MATTEO GIBERTI;Via Gian Matteo Giberti
VIA GIBILROSSA;Via Gibilrossa
VIA GIDINO;Via Gidino
VIA DELLE GINESTRE;Via delle Ginestre
VIA GIOCONDA;Via Gioconda
VIA FLAVIO GIOIA;Via Flavio Gioia
VIA NICOLO' GIOLFINO;Via Nicolò Giolfino
VIA GIORGIONE;Via Giorgione
PIAZZA GIOVANNI 23;Piazza Giovanni 23
VIA GIOVE;Via Giove
VIA DON ENRICO GIRARDI;Via don Enrico Girardi
VIA BARTOLOMEO GIULIARI;Via Bartolomeo Giuliari
VIA DEI GLICINI;Via dei Glicini
VIA PIETRO GOBETTI;Via Pietro Gobetti
VIA GOITO;Via Goito
VIA GOLINO;Via Golino
VIA GOLOSINE;Via Golosine
LARGO GUIDO GONELLA;Largo Guido Gonella
VIA GORIZIA;Via Gorizia
GIARDINO DON STEFANO GORZEGNO;Giardino don Stefano Gorzegno
VIA GOTTARDO;Via Gottardo
VIA FRATELLI GOVONI;Via Fratelli Govoni
VIA GIOVANNI GRAMEGO;Via Giovanni Gramego
VIA ANTONIO GRAMSCI;Via Antonio Gramsci
VIA GRAN SASSO;Via Gran Sasso
VIA DON BARTOLOMEO GRAZIOLI;Via don Bartolomeo Grazioli
VIA GIOVANNI GRIOLI;Via Giovanni Grioli
VIA DEI GROLLI;Via dei Grolli
PIAZZALE ROMANO GUARDINI;Piazzale Romano Guardini
VICOLO DEL GUASTO;Vicolo del Guasto
PIAZZA GIOVANNINO GUARESCHI;Piazza Giovannino Guareschi
VIA CRISTOFORO GUERINONE;Via Cristoforo Guerinone
VIA AGOSTINO GUERRIERI;Via Agostino Guerrieri
VIA GUERRINA;Via Guerrina
VIA GIUSEPPE GUERZONI;Via Giuseppe Guerzoni
VIA ANTONIO GUGLIELMI;Via Antonio Guglielmi
VIALE GERHARD RICHARD GUMPERT;Viale Gerhard Richard Gumpert
GIARDINI - I CANTORI VERONESI;Giardini - I Cantori Veronesi
VIA IMOLA;Via Imola
VIA INDENTRO;Via Indentro
PIAZZA INDIPENDENZA;Piazza Indipendenza
VIALE DELL'INDUSTRIA;Viale dell'Industria
VIA IPPOGRIFO;Via Ippogrifo
VIA ISARCO;Via Isarco
VICOLO ISOLA;Vicolo Isola
VIA ISOLA D'ELBA;Via Isola d'Elba
PIAZZA ISOLO;Piazza Isolo
VIA ISONZO;Via Isonzo
VIA LINA ARIANNA JENNA;Via Lina Arianna Jenna
GIARDINI S.JOSEMARIA ESCRIVA' DE BALAGUER;Giardini San Josemaria Escrivá de Balaguer
VIA ALDO ETTORE KESSLER;Via Aldo Ettore Kessler
CONTRADA LA COSTA;Contrada la Costa
VIA LA FRATELLANZA;Via la Fratellanza
VIA LAGHETTO SQUARA';Via Laghetto Squarà
STRADA LA GRESSINA;Strada la Gressina
VIA ALESSANDRO LAMARMORA;Via Alessandro Lamarmora
VIA DEI LAMBERTI;Via dei Lamberti
PIAZZA RUGGERO LAMBRANZI;Piazza Ruggero Lambranzi
VIA LANAROLI;Via Lanaroli
VIA DEL LANCIERE;Via del Lanciere
VIA LANIFICIO;Via Lanificio
VIA LA RECIPROCA;Via la Reciproca
STRADA LA RIZZA;Strada La Rizza
VIA LASTRE;Via Lastre
VIA LA VALLE;Via la Valle
VIA LAVELLO;Via Lavello
VIALE DEL LAVORO;Viale del Lavoro
VIA LAZIO;Via Lazio
VIA LAZISE;Via Lazise
VIA LAZZARETTO;Via Lazzaretto
VIA DON FRANCESCO LEARDINI;Via don Francesco Leardini
VIA LEGA VERONESE;Via Lega Veronese
VIA LEGNAGO;Via Legnago
STRADA LE GRAZIE;Strada Le Grazie
VIA LEIDA;Via Leida
VIA LENO;Via Leno
VIA LUIGI LENOTTI;Via Luigi Lenotti
VIA DON PIETRO LEONARDI;Via don Pietro Leonardi
VIA RUGGERO LEONCAVALLO;Via Ruggero Leoncavallo
VIA LEONCINO;Via Leoncino
CORTICELLA LEONI;Corticella Leoni
VIA LEONI;Via Leoni
VICOLETTO LEONI;Vicoletto Leoni
VICOLO LEONI;Vicolo Leoni
VIA GIACOMO LEOPARDI;Via Giacomo Leopardi
VIA LIBERA;Via Libera
VIA DELLA LIBERTA';Via della Libertà
VIA LICATA;Via Licata
VIA LUCIANO LIGABO';Via Luciano Ligabò
VIA LIGURIA;Via Liguria
VIA LISSA;Via Lissa
VIA INNOCENZO LIRUTI;Via Innocenzo Liruti
VIA DIETRO LISTONE;Via Dietro Listone
VICOLETTO LISTONE;Vicoletto Listone
VICOLO LISTONE;Vicolo Listone
STRADELLA LOBBIA;Stradella Lobbia
VIA ANTONIO LOCATELLI;Via Antonio Locatelli
VIA VITTORIO LOCCHI;Via Vittorio Locchi
GIARDINI GEN. EMILIO LO CICERO;Giardini Gen. Emilio Lo Cicero
VIA LOCRI;Via Locri
VIA DELLE LOGGE;Via delle Logge
VIA LOMBARDIA;Via Lombardia
GIARDINI CESARE LOMBROSO;Giardini Cesare Lombroso
VIA BALDASSARE LONGHENA;Via Baldassare Longhena
VIA BARTOLOMEO LORENZI;Via Bartolomeo Lorenzi
VIA LOREO;Via Loreo
VIA ANTON MARIA LORGNA;Via Anton Maria Lorgna
VIA LOVANIO;Via Lovanio
VIA LUCANIA;Via Lucania
VIA GIOVANNI LUCCHINI;Via Giovanni Lucchini
VIA LUCIO III;Via Lucio terzo
GIARDINI - ALBINO LUCIANI;Giardini - Albino Luciani
VIA LUGAGNANO;Via Lugagnano
VIA LUGO;Via Lugo
CONTRADA LUMIALTO;Contrada Lumialto
VICOLO LUNGO;Vicolo Lungo
VIA LUNGOLORI';Via Lungolorì
VIA LUSSEMBURGO;Via Lussemburgo
VIA LUSSINO;Via Lussino
VIA LUIGI LUZZATTI;Via Luigi Luzzatti
VIA MACELLO;Via Macello
VIA EMILIO MACRO;Via Emilio Macro
VIA UMBERTO MADDALENA;Via Umberto Maddalena
CORTE MADDALENE;Corte Maddalene
VIA MADONNA DEL TERRAGLIO;Via Madonna del Terraglio
PIAZZA MADONNA DI CAMPAGNA;Piazza Madonna di Campagna
VIA MADONNA DI CAMPAGNA;Via Madonna di Campagna
VICOLO MADONNINA;Vicolo Madonnina
PIAZZALE MAESTRI DEL COMMERCIO;Piazzale Maestri del Commercio
PIAZZETTA MAESTRI DEL LAVORO;Piazzetta Maestri del Lavoro
VIA MAESTRO MARTINO;Via Maestro Martino
PERCORSO MAESTRO SERGIO PENAZZI;Percorso Maestro Sergio Penazzi
STRADONE SCIPIONE MAFFEI;Stradone Scipione Maffei
VIA ANTONIO MAFFI;Via Antonio Maffi
VIA FERDINANDO MAGELLANO;Via Ferdinando Magellano
VIA MAGENTA;Via Magenta
VIA GIUSEPPE MAGGI;Via Giuseppe Maggi
VIA DELLE MAGNOLIE;Via delle Magnolie
CONTRADA MAGRANO;Contrada Magrano
VIA MAIELLA;Via Maiella
VIA AGOSTINO MAINARDI;Via Agostino Mainardi
STRADELLA MAIOLI;Stradella Maioli
VIA SPINETTA MALASPINA;Via Spinetta Malaspina
VIA MELCHIORRE MALDONADO;Via Melchiorre Maldonado
VIA GIAN BATTISTA MALENZA;Via Gian Battista Malenza
VIA FLORESTE MALFER;Via Floreste Malfer
VIA GOFFREDO MAMELI;Via Goffredo Mameli
VIA LUCIANO MANARA;Via Luciano Manara
VIA GIUSEPPE MANASSERO;Via Giuseppe Manassero
VIA DEI MANDORLI;Via dei Mandorli
VIA DANIELE MANIN;Via Daniele Manin
VIA GIOVANNI MANSIONARIO;Via Giovanni Mansionario
VIA MANTOVANA;Via Mantovana
VIA ALDO MANUZIO;Via Aldo Manuzio
VIA MONSIGNOR GIUSEPPE MANZINI;Via monsignor Giuseppe Manzini
PIAZZA MARINAI D'ITALIA;Piazza Marinai d'Italia
VIALE ALESSANDRO MANZONI;Viale Alessandro Manzoni
STRADA DELLE MARAGNOLE;Strada delle Maragnole
PARCO GIO BATTISTA MARANI;Parco Gio Battista Marani
VIA MARCHE;Via Marche
VIA CONCETTO MARCHESI;Via Concetto Marchesi
VIA MARCHESINO;Via Marchesino
VIA LUCIANO MARCHI;Via Luciano Marchi
VIA GIUSEPPE MARCONCINI;Via Giuseppe Marconcini
VIA GUGLIELMO MARCONI;Via Guglielmo Marconi
VIA MARENGO;Via Marengo
VIA MARESCALCHE;Via Marescalche
CONTRADA MARGIUNI;Contrada Margiuni
VIA ALBERTO MARIO;Via Alberto Mario
VIA FABIO MARITATI;Via Fabio Maritati
VIA MARMOLADA;Via Marmolada
CIRCONVALLAZIONE PIETRO MARONCELLI;Circonvallazione Pietro Maroncelli
CONTRADA MARONI;Contrada Maroni
VIA ULDERICO MAROTTO;Via Ulderico Marotto
VIA MARSALA;Via Marsala
VIA PIETRO PAOLO MARTINATI;Via Pietro Paolo Martinati
VIA NINO MARTINI;Via Nino Martini
GIARDINO MONSIGNOR AMPELIO MARTINELLI;Giardino monsignor Ampelio Martinelli
PIAZZA MARTIRI DELLA LIBERTA';Piazza Martiri della Libertà
PIAZZA MARTIRI D'ISTRIA E DALMAZIA;Piazza Martiri d'Istria e Dalmazia
LARGO MARZABOTTO;Largo Marzabotto
VIA ANTONIO MARZAGAIA;Via Antonio Marzagaia
STRADA MARZAR;Strada Marzar
VIA PIETRO MASCAGNI;Via Pietro Mascagni
VIA ALBERTO MASPRONE;Via Alberto Masprone
VIA CARDINALE MASSAIA;Via cardinale Massaia
VIA ABRAMO MASSALONGO;Via Abramo Massalongo
GIARDINI FRATELLI MASSIMILIANO E DAVIDE TURAZZA;Giardini Fratelli Massimiliano e Davide Turazza
VIA MATOZZE;Via Matozze
VIA MATTARANA;Via Mattarana
STRADA MATTARANETTA;Strada Mattaranetta
LUNGADIGE GIACOMO MATTEOTTI;Lungadige Giacomo Matteotti
GIARDINI MARIO MAZZA;Giardini Mario Mazza
VIA NICOLA MAZZA;Via Nicola Mazza
VIA MAZZANTI;Via Mazzanti
VICOLETTO MAZZANTI;Vicoletto Mazzanti
VIA GIUSEPPE MAZZINI;Via Giuseppe Mazzini
VICOLO GIUSEPPE MAZZINI;Vicolo Giuseppe Mazzini
VIA DELLA MECCANICA;Via della Meccanica
VIA GIACOMO MEDICI;Via Giacomo Medici
VIA MEDORO;Via Medoro
VIA MEFISTOFELE;Via Mefistofele
GIARDINI DOMENICO MELEGATTI;Giardini Domenico Melegatti
VIA MELFI;Via Melfi
CORTE MELONE;Corte Melone
VIA PIETRO MELONI;Via Pietro Meloni
VIA ANGELO MELOTTO;Via Angelo Melotto
VIA EGIDIO MENEGHETTI;Via Egidio Meneghetti
VIA DELLE MENEGONE;Via delle Menegone
VIA CIRO MENOTTI;Via Ciro Menotti
VIA MENTANA;Via Mentana
VIA MERANO;Via Merano
VIA DON DOMENICO MERCANTE;Via don Domenico Mercante
VIA LUIGI MERCANTINI;Via Luigi Mercantini
CORTILE DEL MERCATO VECCHIO;Cortile del Mercato Vecchio
VOLTO MERCATO VECCHIO;Volto Mercato Vecchio
VIA MERCIARI;Via Merciari
VIA MERCURIO;Via Mercurio
VIA MERCUZIO;Via Mercuzio
VIA VITTORIO MERIGHI;Via Vittorio Merighi
VIA ANGELO MESSEDAGLIA;Via Angelo Messedaglia
VIA MESSER OTTONELLO;Via Messer Ottonello
VIA MESSINA;Via Messina
VIA DELLA METALLURGIA;Via della Metallurgia
VIA METAURO;Via Metauro
VIA ANTONIO MEUCCI;Via Antonio Meucci
VIA MEZZACAMPAGNA;Via Mezzacampagna
VIA MEZZOMONTE;Via Mezzomonte
VIA MICHELANGELO;Via Michelangelo
GIARDINI MICHELANGELO BOLLETTI;Giardini Michelangelo Bolletti
GIARDINI GUERRINO MIGLIORANZI;Giardini Guerrino Miglioranzi
VIA ANTONIO MILANI;Via Antonio Milani
CORSO MILANO;Corso Milano
VIA MILAZZO;Via Milazzo
VIA DEI MILLE;Via dei Mille
VIA MILONE;Via Milone
VIA DEL MINATORE;Via del Minatore
VIA MINCIO;Via Mincio
VIA ELVIRA MINISCALCHI;Via Elvira Miniscalchi
VIA DON GIOVANNI MINZONI;Via don Giovanni Minzoni
VICOLO MIRACOLI;Vicolo Miracoli
VIA GIUSEPPE MISSORI;Via Giuseppe Missori
VIA ALVISE MOCENIGO;Via Alvise Mocenigo
VICOLO CIECO MOISE;Vicolo Cieco Moise
VIA MOLINARA;Via Molinara
CORTICELLA MOLINARA;Corticella Molinara
VIA AI MOLINI;Via Ai Molini
VIA INTERNA MOLINI;Via Interna Molini
VIA MOLISE;Via Molise
VICOLO CIECO MONACHINE;Vicolo Cieco Monachine
VIA DEL MONASTERO;Via del Monastero
VIA ARNOLDO MONDADORI;Via Arnoldo Mondadori
VIA DON NILO MONDIN;Via don Nilo Mondin
VIA MONDO D'ORO;Via Mondo d'Oro
VIA MONFALCONE;Via Monfalcone
VIA JEAN MONNET;Via Jean Monnet
VIA MONREALE;Via Monreale
VIA MONTALTO;Via Montalto
VIA MONTANARA;Via Montanara
VIA MONTANARI BENASSU';Via Montanari Benassù
VIA CARLO MONTANARI;Via Carlo Montanari
VIA LORENZO MONTANO;Via Lorenzo Montano
PIAZZETTA MONTE;Piazzetta Monte
VIA MONTE;Via Monte
VICOLO MONTE;Vicolo Monte
VOLTO MONTE;Volto Monte
STRADA MONTE ARZAN;Strada Monte Arzan
VIA MONTE BALDO;Via Monte Baldo
VIA MONTEBELLO;Via Montebello
VIA MONTE BELLOCA;Via Monte Belloca
VIA MONTE BIANCO;Via Monte Bianco
VIA MONTE CANINO;Via Monte Canino
SALITA DEL MONTE CARMELO;Salita del Monte Carmelo
VIA DEI MONTECCHI;Via dei Montecchi
STRADA PER MONTECCHIO;Strada per Montecchio
VIA MONTE CENGIO;Via Monte Cengio
STRADA MONTE CILLARIO;Strada Monte Cillario
VIA MONTE CIMONE;Via Monte Cimone
VIA MONTE COMUNE;Via Monte Comune
VIA MONTE CROCETTA;Via Monte Crocetta
VIA MONTE CUCCO;Via Monte Cucco
STRADA MONTE DI VILLA;Strada Monte di Villa
SALITA MONTE GRAPPA;Salita Monte Grappa
VIA MONTELLO;Via Montello
VIA MONTELUNGO;Via Montelungo
VIA ITALO MONTEMEZZI;Via Italo Montemezzi
VIA MONTE NERO;Via Monte Nero
VIA MONTE NOVEGNO;Via Monte Novegno
VIA MONTE ONGARINE;Via Monte Ongarine
VIA MONTE ORTIGARA;Via Monte Ortigara
VIA MONTE PASTELLO;Via Monte Pastello
VIA MONTE PASUBIO;Via Monte Pasubio
VIA MONTE PURGA;Via Monte Purga
VIA MONTE RECAMAO;Via Monte Recamao
VIA MONTE ROSA;Via Monte Rosa
VIA MONTEROTONDO;Via Monterotondo
VIA MONTE SANTA VIOLA;Via Monte Santa Viola
VIA MONTE SANTO;Via Monte Santo
VIA MONTE SPARAVIERI;Via Monte Sparavieri
VIA MONTE SUELLO;Via Monte Suello
VIA MONTE TENDA;Via Monte Tenda
VIA MONTE TESORO;Via Monte Tesoro
VIA MONTE TOMBA;Via Monte Tomba
VIA MONTE TRE CROCI;Via Monte Tre Croci
STRADA DEI MONTI;Strada dei Monti
VIA DEI MONTI;Via dei Monti
PIAZZETTA  ANDREA MONTIGNANI;Piazzetta Andrea Montignani
VIA MONTI LESSINI;Via Monti Lessini
VIA VINCENZO MONTI;Via Vincenzo Monti
VIA MONTORIO;Via Montorio
VIA GIACOMO MONTRESOR;Via Giacomo Montresor
VIA MONZAMBANO;Via Monzambano
CONTRADA MORAGO;Contrada Morago
CONTRADA MORANDA;Contrada Moranda
VIA FRATELLI MORANDINI;Via Fratelli Morandini
VIA DOMENICO MORELLI;Via Domenico Morelli
GIARDINI EMILIO MORETTO;Giardini Emilio Moretto
VICOLO MORETTE;Vicolo Morette
VIA GIANBATTISTA MORGAGNI;Via Gianbattista Morgagni
VIA MARIO MORGANTINI;Via Mario Morgantini
VICOLO MORIN;Vicolo Morin
VIA ALDO MORO;Via Aldo Moro
VIA DOMENICO MORONE;Via Domenico Morone
VIA FRANCESCO MOROSINI;Via Francesco Morosini
VIA MORURI;Via Moruri
VIA MOSCARDO;Via Moscardo
VIA GIANBATTISTA MOSCHINI;Via Gianbattista Moschini
VIA LUIGI MOTTA;Via Luigi Motta
VIA VINCENZO MUCCIOLI;Via Vincenzo Muccioli
PIAZZETTA MUNICIPIO;Piazzetta Municipio
VICOLO MUNICIPIO;Vicolo Municipio
PIAZZA MURA GALLIENO;Piazza Mura Gallieno
VIA MURAIOLA;Via Muraiola
VIA GIOVANNA MURARI BRA';Via Giovanna Murari Brà
VIA MURA SAN BERNARDINO;Via Mura San Bernardino
VIA MURO LUNGO CAMPO MARZO;Via Muro Lungo Campo Marzo
VIA MURO PADRI;Via Muro Padri
VOLTO MURO PADRI;Volto Muro Padri
VIA MUSEO;Via Museo
VICOLO MUSTACCHI;Vicolo Mustacchi
VIA DEI MUTILATI;Via dei Mutilati
VIA NAPOLEONE I;Via Napoleone primo
VIA GIUSEPPE NASCIMBENI;Via Giuseppe Nascimbeni
VIA AUGUSTO NAVASA;Via Augusto Navasa
PONTE DELLE NAVI;Ponte delle Navi
PIAZZETTA NAVONA;Piazzetta Navona
PIAZZETTA NAZARETH;Piazzetta Nazareth
VIA NAZARETH;Via Nazareth
VIALE DELLE NAZIONI;Viale delle Nazioni
VIA LUIGI NEGRELLI;Via Luigi Negrelli
VIA NERVESA;Via Nervesa
CONTRADA NESENTE;Contrada Nesente
VIA NESTORE;Via Nestore
VIA ANTONIO NICHESOLA;Via Antonio Nichesola
VIA EMANUELE NICOLINI;Via Emanuele Nicolini
VIA AURELIO NICOLODI;Via Aurelio Nicolodi
VIA IPPOLITO NIEVO;Via Ippolito Nievo
PIAZZA NIKOLAJEWKA;Piazza Nikolajewka
VIA NIZZA;Via Nizza
PIAZZA NOGARA;Piazza Nogara
PIAZZA ISOTTA NOGAROLA;Piazza Isotta Nogarola
VIA ENRICO NORIS;Via Enrico Noris
VIA NORMA;Via Norma
VIA NOVARA;Via Novara
VIA NUOVA;Via Nuova
VIA GUGLIELMO OBERDAN;Via Guglielmo Oberdan
GIARDINO MARINO OFFEDDU;Giardino Marino Offeddu
VIA OGLIO;Via Oglio
VIA OGNIBENE;Via Ognibene
VICOLO OGNISSANTI;Vicolo Ognissanti
VIA OLANDA;Via Olanda
VIA DEGLI OLEANDRI;Via degli Oleandri
VIA OLIFANTE;Via Olifante
PIAZZALE OLIMPIA;Piazzale Olimpia
VIA ANTONIO OLIOSI;Via Antonio Oliosi
VIA OLIVE';Via Olivè
VIA OLIVETO;Via Oliveto
VIA RINALDO OLIVIERI;Via Rinaldo Olivieri
VIA OLMO;Via Olmo
VIA OMBRONE;Via Ombrone
VIA GIOVANNI ONGARO;Via Giovanni Ongaro
VICOLO ORATORIO;Vicolo Oratorio
CIRCONVALLAZIONE ALFREDO ORIANI;Circonvallazione Alfredo Oriani
VIA ORIONE;Via Orione
VIA NICOLO' ORMANETTO;Via Nicolò Ormanetto
VICOLO OROLOGIO;Vicolo Orologio
VIA ORSO;Via Orso
VIA ORTI MANARA;Via Orti Manara
PIAZZETTA ORTI DI SPAGNA;Piazzetta Orti di Spagna
VIA ORTI TREZZA;Via Orti Trezza
VIA OSOPPO;Via Osoppo
VICOLO OSTIE;Vicolo Ostie
PIAZZETTA OTTOLINI;Piazzetta Ottolini
VIA DELLA PACE;Via della Pace
STRADONE ARCIDIACONO PACIFICO;Stradone Arcidiacono Pacifico
VIA ANTONIO PACINOTTI;Via Antonio Pacinotti
VICOLETTO CIECO PADOVANO;Vicoletto Cieco Padovano
VIA PAGANELLA;Via Paganella
VIA PAGLIA;Via Paglia
VIA ANDREA PAGLIERI;Via Andrea Paglieri
VIA FRANCESCO PAIOLA;Via Francesco Paiola
PERCORSO GIOVANNI PALATUCCI;Percorso Giovanni Palatucci
VIA PALAZZINA;Via Palazzina
VIA PALERMO;Via Palermo
VIA PALESTRO;Via Palestro
VIALE ANDREA PALLADIO;Viale Andrea Palladio
VIA PALLONE;Via Pallone
VIA DIETRO PALLONE;Via Dietro Pallone
VICOLO PALLONE;Vicolo Pallone
VIA LEONE PANCALDO;Via Leone Pancaldo
VIA GIOVANNI PANTEO;Via Giovanni Panteo
VIA PANTHEON;Via Pantheon
LUNGADIGE PANVINIO;Lungadige Panvinio
PIAZZA PAPA GIOVANNI PAOLO II;Piazza Papa Giovanni Paolo Secondo
VIA PAQUARA;Via Paquara
CORTICELLA PARADISO;Corticella Paradiso
VIA PARADISO;Via Paradiso
VICOLO CIECO PARADISO;Vicolo Cieco Paradiso
VICOLETTO CIECO PARIGINO;Vicoletto Cieco Parigino
VICOLO CIECO PARIGINO;Vicolo Cieco Parigino
VIALE DEI PARTIGIANI;Viale dei Partigiani
VIA PARTIGIANO VITTORIO AVESANI;Via Partigiano Vittorio Avesani
VIA ANGELO PASA;Via Angelo Pasa
LUNGADIGE NICOLA PASETTO;Lungadige Nicola Pasetto
VIA GIOVANNI PASCOLI;Via Giovanni Pascoli
PIAZZA DELLE PASQUE VERONESI;Piazza delle Pasque Veronesi
VIA GENERALE PASSALACQUA;Via generale Passalacqua
VICOLO PASSERE;Vicolo Passere
VIA PASSO BUOLE;Via Passo Buole
VIA LUIGI PASTEUR;Via Luigi Pasteur
VIA MATTEO PASTI;Via Matteo Pasti
VICOLO PASTORELLO;Vicolo Pastorello
VO' PASTORELLO;Vo' Pastorello
VIA PASTRENGO;Via Pastrengo
VIA LEONE GAETANO PATUZZI;Via Leone Gaetano Patuzzi
VIA PEDROTTA;Via Pedrotta
VIA CARLO PEDROTTI;Via Carlo Pedrotti
VIA SALESIO PEGRASSI;Via Salesio Pegrassi
GIARDINI VACLAV PELISEK;Giardini Vaclav Pelisek
VIA GAETANO PELLEGRINI;Via Gaetano Pellegrini
GALLERIA PELLICCIAI;Galleria Pellicciai
SCALETTA PELLICCIAI;Scaletta Pellicciai
VIA PELLICCIAI;Via Pellicciai
VIA SILVIO PELLICO;Via Silvio Pellico
VIA SILVIO PENAZZI;Via Silvio Penazzi
PIAZZA PENNE MOZZE;Piazza Penne Mozze
PIAZZA DELLE PENNE NERE;Piazza delle Penne Nere
VIA GIOVANNI BATTISTA PERGOLESI;Via Giovanni Battista Pergolesi
VIA LUDOVICO PERINI;Via Ludovico Perini
LARGO PERLAR;Largo Perlar
VIA DEL PERLAR;Via del Perlar
VIA GIORGIO PERLASCA;Via Giorgio Perlasca
VIA FRANCESCO PERLINI;Via Francesco Perlini
VIA PERLOSO;Via Perloso
PIAZZALE DON MARCELLO PERNIGOTTO;Piazzale don Marcello Pernigotto
PIAZZETTA GIORGIO PERONI;Piazzetta Giorgio Peroni
VIA LORENZO PEROSI;Via Lorenzo Perosi
VIA PERSEO;Via Perseo
GIARDINI SANDRO PERTINI;Giardini Sandro Pertini
VIA ORLANDO PESCETTI;Via Orlando Pescetti
PIAZZETTA PESCHERIA;Piazzetta Pescheria
LARGO PESCHERIA VECCHIA;Largo Pescheria Vecchia
VIA PESCHERIA VECCHIA;Via Pescheria Vecchia
VIA DEI PESCHI;Via dei Peschi
VIA PESCHIERA;Via Peschiera
VIA DELLA PESCIARA;Via della Pesciara
VIA ANTONIO PESENTI;Via Antonio Pesenti
VIA DEL PESTRINO;Via del Pestrino
VICOLO PESTRINO;Vicolo Pestrino
GIARDINI ALDO PETACCHIO;Giardini Aldo Petacchio
VIA VITTORIO PIATTI;Via Vittorio Piatti
VIALE DEL PIAVE;Viale del Piave
VIA NICOLO' PICCININO;Via Nicolò Piccinino
VIA LUIGI PICCOLI;Via Luigi Piccoli
VIA EMILIO PICCONO DELLA VALLE;Via Emilio Piccono della Valle
VIA GIOVANNI BATTISTA PICOTTI;Via Giovanni Battista Picotti
VIA PIETA' VECCHIA;Via Pietà Vecchia
PONTE PIETRA;Ponte Pietra
VIA DELLE PIETRE;Via delle Pietre
VICOLO PIETRONE;Vicolo Pietrone
VIA PIEVE DI CADORE;Via Pieve di Cadore
VIA ANTONIO PIGAFETTA;Via Antonio Pigafetta
VIA ORAZIO PIGATO;Via Orazio Pigato
VIA GIOVANNI BATTISTA PIGHI;Via Giovanni Battista Pighi
VIA PIGNA;Via Pigna
VIA ROSOLINO PILO;Via Rosolino Pilo
VIA SANTE PINAROLI;Via Sante Pinaroli
VIA IPPOLITO PINDEMONTE;Via Ippolito Pindemonte
VIA DELLA PINETA;Via della Pineta
VIA DEI PIOPPI;Via dei Pioppi
VIA LUIGI PIRANDELLO;Via Luigi Pirandello
VIA CARLO PISACANE;Via Carlo Pisacane
VIA ANTONIO PISANO;Via Antonio Pisano
VIA PITAGORA;Via Pitagora
VIA DEI PLATANI;Via dei Platani
PIAZZA PLEBISCITO;Piazza Plebiscito
VIA PLINIO;Via Plinio
VIA PO;Via Po
VIA PODGORA;Via Podgora
VIA ALESSANDRO POERIO;Via Alessandro Poerio
VIA BRUTO POGGIANI;Via Bruto Poggiani
VIA POIANO;Via Poiano
VIA POLA;Via Pola
VIA REGINALDO POLE;Via Reginaldo Pole
VICOLETTO CIECO POLENTA;Vicoletto Cieco Polenta
CONTRADA POLESE;Contrada Polese
VIA POLESELLA;Via Polesella
VIA POLESINE;Via Polesine
VIA DELLE POLIDORE;Via delle Polidore
VIA CIRO POLLINI;Via Ciro Pollini
VIA MARCO POLO;Via Marco Polo
VIA LUIGIA POLONI;Via Luigia Poloni
VIA POLVERIERA VECCHIA;Via Polveriera Vecchia
VIA CARLO POMA;Via Carlo Poma
VICOLO POMODORO;Vicolo Pomodoro
VICOLO CIECO POMODORO;Vicolo Cieco Pomodoro
VIA ALESSANDRO POMPEI;Via Alessandro Pompei
VIA POMPOSA;Via Pomposa
VIA AMILCARE PONCHIELLI;Via Amilcare Ponchielli
VIA PONTARA SANDRI;Via Pontara Sandri
VIA DEL PONTE;Via del Ponte
VIA PONTE ALEARDI;Via Ponte Aleardi
VIA PONTE BASAZENOCI;Via Ponte Basazenoci
VIA PONTE CITTADELLA;Via Ponte Cittadella
VIA PONTE DI VEJA;Via Ponte di Veja
VIA ALBANO PONTEDERA;Via Albano Pontedera
VIA PONTE FLORIO;Via Ponte Florio
VIA PONTE NUOVO;Via Ponte Nuovo
VICOLETTO PONTE NUOVO;Vicoletto Ponte Nuovo
VICOLO PONTE NUOVO;Vicolo Ponte Nuovo
VIA PONTE PIETRA;Via Ponte Pietra
VIA PONTE PIGNOLO;Via Ponte Pignolo
VIA PONTE ROFIOLO;Via Ponte Rofiolo
VIA PONTE SAN PANCRAZIO;Via Ponte San Pancrazio
VIA PONTE VERDE;Via Ponte Verde
VIA DEI PONTI;Via dei Ponti
VIA PONTIDA;Via Pontida
VIA DEL PONTIERE;Via del Pontiere
PIAZZA DEL POPOLO;Piazza del Popolo
VIA FERDINANDO PORSCHE;Via Ferdinando Porsche
CORSO PORTA BORSARI;Corso Porta Borsari
VIA PORTA CATENA;Via Porta Catena
CORSO PORTA NUOVA;Corso Porta Nuova
PIAZZALE PORTA NUOVA;Piazzale Porta Nuova
VIA PORTA ORGANA;Via Porta Organa
STRADONE PORTA PALIO;Stradone Porta Palio
VICOLO CIECO PORTA PALIO;Vicolo Cieco Porta Palio
VIA PORTA SAN ZENO;Via Porta San Zeno
VICOLO PORTA VESCOVO;Vicolo Porta Vescovo
LUNGADIGE PORTA VITTORIA;Lungadige Porta Vittoria
PIAZZETTA PORTICHETTI;Piazzetta Portichetti
VIA PORTICI;Via Portici
PIAZZA DEL PORTO;Piazza del Porto
VICOLO PORTON ROSSO;Vicolo Porton Rosso
VIA PORTO SAN MICHELE;Via Porto San Michele
VIA PORTO SAN PANCRAZIO;Via Porto San Pancrazio
VIA PORTO TOLLE;Via Porto Tolle
PIAZZA POSTOJALI;Piazza Postojali
PARCO POSTUMIA;Parco Postumia
PIAZZA POZZA;Piazza Pozza
VICOLO CIECO POZZA;Vicolo Cieco Pozza
VICOLO POZZO;Vicolo Pozzo
PARCO GIOCHI NINO POZZO;Parco Giochi Nino Pozzo
VICOLETTO CIECO POZZO SAN MARCO;Vicoletto Cieco Pozzo San Marco
PONTE NUOVO;Ponte Nuovo del Popolo
PIAZZA PRADAVAL;Piazza Pradaval
VIA PRADELLE;Via Pradelle
VIA PRA' LUNGO;Via Pra' Lungo
VIA PRA' MOLIN;Via Pra' Molin
VIA DELLA PRATERIA;Via della Prateria
VIA GIOVANNI PRATI;Via Giovanni Prati
VIA PRATO SANTO;Via Prato Santo
VIA PREARE;Via Preare
GIARDINI ROBERTO PREARO;Giardini Roberto Prearo
VIA PRELLE;Via Prelle
VIA SOTTO PRELLE;Via Sotto Prelle
VIA PREMUDA;Via Premuda
VIA PRESANELLA;Via Presanella
VIA DANILO PRETO;Via Danilo Preto
VIA DELLE PRIMULE;Via delle Primule
VIA LUIGI PRINA;Via Luigi Prina
VIA PROVE;Via Prove
STRADONE ANTONIO PROVOLO;Stradone Antonio Provolo
VIA GIACOMO PUCCINI;Via Giacomo Puccini
VIA PUGLIE;Via Puglie
VIA DEL QUADRATO;Via del Quadrato
VICOLO QUADRELLI;Vicolo Quadrelli
CORTE QUARANTA;Corte Quaranta
VIA QUARTO;Via Quarto
VIA QUARTO PONTE;Via Quarto Ponte
PIAZZETTA QUATTORDICI NOVEMBRE;Piazzetta Quattordici Novembre
VIA QUATTRO NOVEMBRE;Via Quattro Novembre
VIA QUATTRO RUSTEGHI;Via Quattro Rusteghi
VIA QUATTRO SPADE;Via Quattro Spade
VIA QUATTRO STAGIONI;Via Quattro Stagioni
VIA DEI QUATTROVENTI;Via dei Quattroventi
VIA QUERCIA;Via Quercia
VIA PIETRO QUERINI;Via Pietro Querini
VIA QUINZANO;Via Quinzano
VICOLETTO CIECO RACCHETTA;Vicoletto Cieco Racchetta
VIA RAFFAELLO;Via Raffaello
VIA RAGAZZI DEL 99;Via Ragazzi del 99
CIRCONVALLAZIONE RAGGIO DI SOLE;Circonvallazione Raggio di Sole
VICOLO RAGGIRI;Vicolo Raggiri
VIA SERGIO RAMELLI;Via Sergio Ramelli
VIA GIOVANNI RANDACCIO;Via Giovanni Randaccio
VIA RATERIO;Via Raterio
VIA RAVENNA;Via Ravenna
INTERRATO REDENTORE;Interrato Redentore
RIGASTE REDENTORE;Regaste Redentore
VIA REDENTORE;Via Redentore
VIA REDIPUGLIA;Via Redipuglia
VIA REGINA ADELAIDE;Via Regina Adelaide
VICOLO REGINA D'UNGHERIA;Vicolo Regina d'Ungheria
VIA RENO;Via Reno
VIA GIUSEPPE RENSI;Via Giuseppe Rensi
VICOLO RENSI;Vicolo Rensi
VIA RE PIPINO;Via Re Pipino
VIALE DELLA REPUBBLICA;Viale della Repubblica
LUNGADIGE RE TEODORICO;Lungadige Re Teodorico
VIA DEI RETI;Via dei Reti
VIA RICCIONE;Via Riccione
VIA CLAUDIO RIDOLFI;Via Claudio Ridolfi
VIA RIENZA;Via Rienza
VICOLO RIGASTE ORTI;Vicolo Regaste Orti
PIAZZA ANGELO RIGHETTI;Piazza Angelo Righetti
VIA AUGUSTO RIGHI;Via Augusto Righi
VIA RIGOLETTO;Via Rigoletto
VIA RIMINI;Via Rimini
VIA GIUSEPPE RIOLFI;Via Giuseppe Riolfi
VIA FRANCESCO RISMONDO;Via Francesco Rismondo
PIAZZA RISORGIMENTO;Piazza Risorgimento
VIA DEL RISORGIMENTO;Via del Risorgimento
PONTE DEL RISORGIMENTO;Ponte del Risorgimento
LUNGADIGE RIVA BATTELLO;Lungadige Riva Battello
VIA ALBERTO RIVA DI VILLA SANTA;Via Alberto Riva di Villa Santa
VIA RIVARE;Via Rivare
VICOLO RIVA SAN LORENZO;Vicolo Riva San Lorenzo
VIA RIVOLI;Via Rivoli
VIA BENEDETTO RIZZONI;Via Benedetto Rizzoni
VIA ROCCHE;Via Rocche
VIA RODI;Via Rodi
STRADA RODIGINA;Strada Rodigina
PIAZZA ROMA;Piazza Roma
VIA ROMA;Via Roma
VIA ROMAGNA;Via Romagna
VIA BENIAMINO ROMAGNOLI;Via Beniamino Romagnoli
VIA RONCHI;Via Ronchi
VIA RONCISVALLE;Via Roncisvalle
VIA ROSA;Via Rosa
VICOLO ROSA;Vicolo Rosa
VIA FILIPPO ROSA MORANDO;Via Filippo Rosa Morando
VIA RITA ROSANI;Via Rita Rosani
VIA DELLE ROSE;Via delle Rose
VIA ANTONIO ROSMINI;Via Antonio Rosmini
VIA FRATELLI ROSSELLI;Via Fratelli Rosselli
VIA GABRIELE ROSSETTI;Via Gabriele Rossetti
VIA LUIGI ROSSI;Via Luigi Rossi
VIA GIOACCHINO ROSSINI;Via Gioacchino Rossini
VIA ROTALDO;Via Rotaldo
VIA PIETRO ROTARI;Via Pietro Rotari
VIA ROVEGGIA;Via Roveggia
VIA ROVERETO;Via Rovereto
VIA GEROLAMO ROVETTA;Via Gerolamo Rovetta
VIA ROVIGO;Via Rovigo
LUNGADIGE BARTOLOMEO RUBELE;Lungadige Bartolomeo Rubele
VIA RUBERIO;Via Ruberio
VIA GAETANO RUBINELLI;Via Gaetano Rubinelli
VIA VINCENZO RUFFO;Via Vincenzo Ruffo
VIA GIUSEPPE RUFFONI;Via Giuseppe Ruffoni
VIA RUGOLANA;Via Rugolana
PONTE MARIANO RUMOR;Ponte Mariano Rumor
VICOLO SABBIONAIA;Vicolo Sabbionaia
VIA SABOTINO;Via Sabotino
VIA ACHILLE SACCHI;Via Achille Sacchi
VIA SACRA FAMIGLIA;Via Sacra Famiglia
VIA AURELIO SAFFI;Via Aurelio Saffi
VIA SALASCO;Via Salasco
VIA MARIO SALAZZARI;Via Mario Salazzari
VIA EMILIO SALGARI;Via Emilio Salgari
VIA GUGLIELMO SALICETO;Via Guglielmo Saliceto
VIA SALICI;Via Salici
VICOLO SALICI;Vicolo Salici
VIA DIETRO ANTONIO SALIERI;Via Dietro Antonio Salieri
VIA ANTONIO SALIERI;Via Antonio Salieri
VIA SALISBURGO;Via Salisburgo
VIA LODOVICO SALOMONI;Via Lodovico Salomoni
VICOLO SAMARITANA;Vicolo Samaritana
VIA MARIO SANDRI;Via Mario Sandri
LUNGADIGE MICHELE SAMMICHELI;Lungadige Michele Sammicheli
VIA SANT'ALESSIO;Via Sant'Alessio
CORSO SANT'ANASTASIA;Corso Sant'Anastasia
PIAZZA SANT'ANASTASIA;Piazza Sant'Anastasia
PIAZZETTA SANT'ANDREA;Piazzetta Sant'Andrea
VICOLO DIETRO SANT'ANDREA;Vicolo Dietro Sant'Andrea
VIA SANT'ANGELA MERICI;Via Sant'Angela Merici
VIA SANT'ANNONE;Via Sant'Annone
VIA SANT'ANTONIO;Via Sant'Antonio
VICOLO SANT'ANTONIO;Vicolo Sant'Antonio
VICOLO SANT'APOLLONIA;Vicolo Sant'Apollonia
VIA SANTA GIUSEPPINA BAKHITA;Via Santa Giuseppina Bakhita
SCALONE VOLTO SAN BARTOLOMEO;Scalone Volto San Bartolomeo
VICOLO SAN BENEDETTO;Vicolo San Benedetto
VICOLO SAN BERNARDINO;Vicolo San Bernardino
VIA SAN CAMILLO DE LELLIS;Via San Camillo de Lellis
VIA SAN CARLO;Via San Carlo
VICOLETTO CIECO SAN CARLO;Vicoletto Cieco San Carlo
VICOLO SAN CARLO;Vicolo San Carlo
STRADA SANTA CATERINA;Strada Santa Caterina
VICOLO SANTA CATERINA;Vicolo Santa Caterina
VICOLO SANTA CECILIA;Vicolo Santa Cecilia
VIA SANTA CHIARA;Via Santa Chiara
VICOLO CIECO SAN CLEMENTE;Vicolo Cieco San Clemente
VIA SAN COSIMO;Via San Cosimo
VIA SAN CRISPINO;Via San Crispino
VIA SANTA CRISTINA;Via Santa Cristina
VIA SAN CRISTOFORO;Via San Cristoforo
VICOLO SAN DOMENICO;Vicolo San Domenico
VIA SANT'EGIDIO;Via Sant'Egidio
VIA SANTA ELISABETTA;Via Santa Elisabetta
VILLAGGIO SANT'EMILIO;Villaggio Sant'Emilio
PIAZZETTA SANT'EUFEMIA;Piazzetta Sant'Eufemia
VIA SANT'EUFEMIA;Via Sant'Eufemia
VIA DIETRO SANT'EUFEMIA;Via Dietro Sant'Eufemia
VIA SANT'EUPREPIO;Via Sant'Euprepio
VIA SANT'EUROSIA;Via Sant'Eurosia
CORTICELLA SAN FAUSTINO;Corticella San Faustino
VICOLETTO SAN FAUSTINO;Vicoletto San Faustino
VICOLO SAN FAUSTINO;Vicolo San Faustino
VIA SAN FELICE EXTRA;Via San Felice Extra
VIA SANTA FELICITA;Via Santa Felicita
VIA SAN FENZO;Via San Fenzo
PIAZZA SAN FERMO;Piazza San Fermo
STRADONE SAN FERMO;Stradone San Fermo
VICOLO SAN FERMO CORTALTA;Vicolo San Fermo Cortalta
PONTE SAN FRANCESCO;Ponte San Francesco
VIA SAN FRANCESCO;Via San Francesco
VICOLETTO CIECO DIETRO SAN FRANCESCO;Vicoletto Cieco Dietro San Francesco
VICOLO CIECO DIETRO SAN FRANCESCO;Vicolo Cieco Dietro San Francesco
VICOLO SAN FRANCESCO AL CORSO;Vicolo San Francesco al Corso
PIAZZA SAN FRANCESCO D'ASSISI;Piazza San Francesco d'Assisi
VICOLO SAN GAETANO;Vicolo San Gaetano
VO' SAN GAETANO;Vo' San Gaetano
CORTICELLA SAN GIACOMETTO;Corticella San Giacometto
VICOLETTO CIECO SAN GIACOMETTO;Vicoletto Cieco San Giacometto
PIAZZA SAN GIACOMO;Piazza San Giacomo
VIA SAN GIACOMO;Via San Giacomo
VICOLETTO SAN GIACOMO;Vicoletto San Giacomo
VICOLO CIECO SAN GIACOMO;Vicolo Cieco San Giacomo
VIA SAN GIACOMO ALLA PIGNA;Via San Giacomo alla Pigna
BASTIONE SAN GIORGIO;Bastione San Giorgio
LUNGADIGE SAN GIORGIO;Lungadige San Giorgio
PIAZZETTA SAN GIORGIO;Piazzetta San Giorgio
CORTE SAN GIOVANNI IN FORO;Corte San Giovanni in Foro
VICOLO SAN GIOVANNI IN FORO;Vicolo San Giovanni in Foro
VIA SAN GIOVANNI IN VALLE;Via San Giovanni in Valle
VICOLETTO CIECO SAN GIOVANNI VALLE;Vicoletto Cieco San Giovanni in Valle
VIA SAN GIOVANNI LUPATOTO;Via San Giovanni Lupatoto
VICOLO SAN GIROLAMO;Vicolo San Girolamo
STRADELLA SANTA GIULIANA;Stradella Santa Giuliana
VIA SANTA GIULIANA;Via Santa Giuliana
PARCO SAN GIUSEPPE;Parco San Giuseppe
VIA SAN GIUSEPPE;Via San Giuseppe
VICOLETTO CIECO SAN GIUSEPPE;Vicoletto Cieco San Giuseppe
VIA SAN GIUSTO;Via San Giusto
VICOLO SAN GIUSTO;Vicolo San Giusto
VIA SAN LEONARDO;Via San Leonardo
RIVA SAN LORENZO;Riva San Lorenzo
VICOLO SAN LORENZO;Vicolo San Lorenzo
SALITA SANTA LUCIA;Salita Santa Lucia
STRADONE SANTA LUCIA;Stradone Santa Lucia
VIA SAN LUCILLO;Via San Lucillo
CORTE SAN MAMASO;Corte San Mamaso
VIA SAN MAMASO;Via San Mamaso
SCALETTA SAN MARCO;Scaletta San Marco
VIA SAN MARCO;Via San Marco
VICOLO CORTICELLA SAN MARCO;Vicolo Corticella San Marco
VICOLO SAN MARCO IN FORO;Vicolo San Marco in Foro
VIA SANTA MARIA ANTICA;Via Santa Maria Antica
VIA SANTA MARIA IN CHIAVICA;Via Santa Maria in Chiavica
PIAZZETTA SANTA MARIA IN ORGANO;Piazzetta Santa Maria in Organo
VIA SANTA MARIA IN ORGANO;Via Santa Maria in Organo
VICOLO SANTA MARIA IN ORGANO;Vicolo Santa Maria in Organo
PIAZZETTA SANTA MARIA IN SOLARO;Piazzetta Santa Maria in Solaro
VIA SANTA MARIA IN STELLE;Via Santa Maria in Stelle
VIA SANTA MARIA ROCCA MAGGIORE;Via Santa Maria Rocca Maggiore
VIA SANTA MARTA;Via Santa Marta
VIA SAN MARTINO;Via San Martino
VICOLO SAN MATTEO;Vicolo San Matteo
VIA SAN MATTIA;Via San Mattia
VIA SAN MICHELE;Via San Michele
VIA SAN MICHELE ALLA PORTA;Via San Michele alla Porta
VICOLO SAN MICHELE ALLA PORTA;Vicolo San Michele alla Porta
ALTO SAN NAZARO;Alto San Nazaro
LARGO SAN NAZARO;Largo San Nazaro
VIA SAN NAZARO;Via San Nazaro
PIAZZA SAN NICOLO';Piazza San Nicolò
VIA SAN NICOLO';Via San Nicolò
PONTE SAN PANCRAZIO;Ponte San Pancrazio
CORTICELLA SAN PAOLO;Corticella San Paolo
VIA SAN PAOLO;Via San Paolo
PIAZZETTA SAN PIETRO INCARNARIO;Piazzetta San Pietro Incarnario
VIA SAN PIETRO INCARNARIO;Via San Pietro Incarnario
VICOLO CIECO SAN PIETRO INCARNARIO;Vicolo Cieco San Pietro Incarnario
VICOLO SAN PIETRO IN MONASTERO;Vicolo San Pietro in Monastero
VIA SAN PIETRO MARTIRE;Via San Pietro Martire
VIA SAN PROCOLO;Via San Procolo
VIA SAN ROCCHETTO;Via San Rocchetto
VIA SAN ROCCHETTO DI QUINZANO;Via San Rocchetto di Quinzano
VIA SAN ROCCO;Via San Rocco
VIA SAN SALVATORE CORTE REGIA;Via San Salvatore Corte Regia
VIA SAN SALVATORE VECCHIO;Via San Salvatore Vecchio
VICOLO SAN SALVATORE VECCHIO;Vicolo San Salvatore Vecchio
VIA DIETRO SAN SEBASTIANO;Via Dietro San Sebastiano
VICOLO SAN SEBASTIANO;Vicolo San Sebastiano
SALITA SANTO SEPOLCRO;Salita Santo Sepolcro
VICOLO SAN SILVESTRO;Vicolo San Silvestro
PIAZZA SANTO SPIRITO;Piazza Santo Spirito
PIAZZETTA SANTO STEFANO;Piazzetta Santo Stefano
VIA SANTO STEFANO;Via Santo Stefano
VIA SANTA TERESA;Via Santa Teresa
PIAZZA SAN TOMASO;Piazza San Tomaso
STRADONE SAN TOMASO;Stradone San Tomaso
VICOLO SAN TOMASO APOSTOLO;Vicolo San Tomaso Apostolo
VIA SANTA TOSCANA;Via Santa Toscana
PIAZZA SAN VALENTINO;Piazza San Valentino
VIA SAN VINCENZO;Via San Vincenzo
VIA SAN VITALE;Via San Vitale
VICOLO CIECO SAN VITALE;Vicolo Cieco San Vitale
PIAZZA SAN ZENO;Piazza San Zeno
RIGASTE SAN ZENO;Regaste San Zeno
VIA SAN ZENO IN MONTE;Via San Zeno in Monte
VIA SAN ZENO IN ORATORIO;Via San Zeno in Oratorio
VICOLO SAN ZENO IN ORATORIO;Vicolo San Zeno in Oratorio
VIA JACOPO SANSOVINO;Via Jacopo Sansovino
VIA DEI SANTI;Via dei Santi
VIA SANTINI;Via Santini
VIA SANTUARIO DELLA SALUTE;Via Santuario della Salute
VIA TORELLO SARAINA;Via Torello Saraina
VIA SARCA;Via Sarca
VIA SARDEGNA;Via Sardegna
VIA PAOLO SARPI;Via Paolo Sarpi
VIA SASSE;Via Sasse
VIA DEL SASSO;Via del Sasso
VIA SATIRO;Via Satiro
VICOLO SATIRO;Vicolo Satiro
VIA SATURNO;Via Saturno
VIA NAZARIO SAURO;Via Nazario Sauro
VIA SAVAL;Via Saval
VIA GIROLAMO SAVONAROLA;Via Girolamo Savonarola
VIA SBUSA;Via Sbusa
PIAZZETTA SCALA;Piazzetta Scala
VIA SCALA;Via Scala
VICOLETTO SCALA;Vicoletto Scala
VICOLO SCALA;Vicolo Scala
VIA SCALA SANTA;Via Scala Santa
VICOLO SCALA SANTA;Vicolo Scala Santa
VICOLO SCALETTA SANTO STEFANO;Vicolo Scaletta Santo Stefano
PIAZZETTA SCALETTE RUBIANI;Piazzetta Scalette Rubiani
GIARDINI LUIGI SCAPINI;Giardini Luigi Scapini
VIA POLICARPO SCARABELLO;Via Policarpo Scarabello
VIA ALESSANDRO SCARLATTI;Via Alessandro Scarlatti
VIA ANGELO SCARSELLINI;Via Angelo Scarsellini
VIA GIOVANNI VIRGINIO SCHIAPPARELLI;Via Giovanni Virginio Schiapparelli
STRADA SCHIOPPE;Strada Schioppe
VIA DELLA SCIENZA;Via della Scienza
VIA AMATORE SCIESA;Via Amatore Sciesa
STRADA SCOPELLA;Strada Scopella
VIA GIOVANNI SCOPOLI;Via Giovanni Scopoli
VIA SCRIMIARI;Via Scrimiari
VICOLETTO SCRIMIARI;Vicoletto Scrimiari
VICOLO SCRIMIARI;Vicolo Scrimiari
VIA SCRIVIA;Via Scrivia
VIA GIOVANNI SCUDELER;Via Giovanni Scudeler
VIA SCUDERLANDO;Via Scuderlando
VICOLO SCUDO DI FRANCIA;Vicolo Scudo di Francia
VIA SCUOLA AGRARIA;Via Scuola Agraria
PIAZZALE LUDOVICO ANTONIO SCURO;Piazzale Ludovico Antonio Scuro
VIA ANGELO SECCHI;Via Angelo Secchi
PIAZZA SEDICI OTTOBRE;Piazza Sedici Ottobre
SCALONE SEDICI OTTOBRE;Scalone Sedici Ottobre
VIA DON GREGORIO SEGALA;Via don Gregorio Segala
VIA GIOVANNI SEGANTINI;Via Giovanni Segantini
VIA SEGESTA;Via Segesta
VIA DELLA SEGHERIA;Via della Segheria
VICOLETTO SEGHE SAN EUFEMIA;Vicoletto Seghe Sant'Eufemia
VIA SEGHE SAN TOMASO;Via Seghe San Tomaso
VICOLO SEGHE SAN TOMASO;Vicolo Seghe San Tomaso
VIA SEGORTE;Via Segorte
VIA SEI MAGGIO;Via Sei Maggio
VIA SELENIA;Via Selenia
VIA SELINUNTE;Via Selinunte
VIA QUINTINO SELLA;Via Quintino Sella
VIA SELVA;Via Selva
VIA PIO SEMEGHINI;Via Pio Semeghini
VIA SEMINARIO;Via Seminario
VIA SERCHIO;Via Serchio
PIAZZETTA SEREGO;Piazzetta Serego
VIA ROSALIA SERENELLI;Via Rosalia Serenelli
VIA SESIA;Via Sesia
VIA UGO SESINI;Via Ugo Sesini
VIA LUIGI SETTEMBRINI;Via Luigi Settembrini
VIA SEZANO;Via Sezano
PIAZZA GIANFRANCO SFORNI;Piazza Gianfranco Sforni
VIA FRANCESCO SFORZA;Via Francesco Sforza
CORTE SGARZARIE;Corte Sgarzarie
CORTICELLA SGARZARIE;Corticella Sgarzarie
VIA PIETRO SGULMERO;Via Pietro Sgulmero
VIA SHAKESPEARE;Via William Shakespeare
VIA SIBARI;Via Sibari
VIALE SICILIA;Viale Sicilia
VIA DELLA SIDERURGIA;Via della Siderurgia
PIAZZA DEI SIGNORI;Piazza dei Signori
VIA GIUSEPPE SILVESTRI;Via Giuseppe Silvestri
VIA SILVESTRINI;Via Silvestrini
VIA LUIGI SIMEONI;Via Luigi Simeoni
PIAZZA RENATO SIMONI;Piazza Renato Simoni
VIA SIRACUSA;Via Siracusa
VIA GIUSEPPE SIRTORI;Via Giuseppe Sirtori
VIA SOCIETA'OPERAIA;Via Società Operaia
VIA SODELLE;Via Sodelle
VIA SOGARE;Via Sogare
VIA DEI SOGARI;Via dei Sogari
VIA SOLE;Via Sole
VICOLO SOLE;Vicolo Sole
VO' SOLE;Vo' Sole
VIA SOLFERINO;Via Solferino
VIA SOMMACAMPAGNA;Via Sommacampagna
VIA GIORGIO SOMMARIVA;Via Giorgio Sommariva
VIA SOMMAVALLE;Via Sommavalle
VIA SORGENTE LORI';Via Sorgente Lorì
VIA DELLE SORGENTI;Via delle Sorgenti
VICOLO SORTE;Vicolo Sorte
VICOLO DI SOTTO;Vicolo di Sotto
VIA SOTTOCASTELLO;Via Sottocastello
VICOLO SOTTOCASTELLO;Vicolo Sottocastello
VIA SOTTOMONTE;Via Sottomonte
VIA SOTTORIVA;Via Sottoriva
PIAZZA DON PIETRO SPADA;Piazza don Pietro Spada
VIA SPAGNA;Via Spagna
PONTE DELLA VITTORIA;Ponte della Vittoria
VIA ANTONIO SPAGNOLO;Via Antonio Spagnolo
VIA SPALATO;Via Spalato
VIA LAZZARO SPALLANZANI;Via Lazzaro Spallanzani
VIA GRACCO SPAZIANI;Via Gracco Spaziani
VIA TITO SPERI;Via Tito Speri
VIA SPEZIALA;Via Speziala
VIA DELLA SPIANA';Via della Spianà
PRIMA TRAVERSA SPIANA';Prima Traversa Spianà
SECONDA TRAVERSA SPIANA';Seconda Traversa Spianà
VIA SPINA;Via Spina
VIALE SPOLVERINI;Viale Spolverini
VIA GASPARE SPONTINI;Via Gaspare Spontini
VIA DELLO SPORT;Via dello Sport
VIA SQUARANTO;Via Squaranto
PIAZZA SANTI APOSTOLI;Piazza Santi Apostoli
PIAZZETTA SANTI APOSTOLI;Piazzetta Santi Apostoli
VICOLO DIETRO SANTI APOSTOLI;Vicolo Dietro Santi Apostoli
VIA SANTISSIMA TRINITA';Via Santissima Trinità
VIA STANGA;Via Stanga
VIA STAZIONE;Via Stazione
VIALE STAZIONE PORTA VESCOVO;Viale Stazione Porta Vescovo
LARGO STAZIONE VECCHIA;Largo Stazione Vecchia
VIA DON CARLO STEEB;Via don Carlo Steeb
PIAZZALE ARISTIDE STEFANI;Piazzale Aristide Stefani
PIAZZA CATERINO STEFANI;Piazza Caterino Stefani
VIA STELLA;Via Stella
VICOLO STELLA;Vicolo Stella
VIA STEVANI;Via Stevani
VICOLETTO STIMATE;Vicoletto Stimate
VIA PALMINO E SILVINO STOPPELE;Via Palmino e Silvino Stoppele
VICOLETTO CIECO STORIONE;Vicoletto Cieco Storione
VICOLO STORTO;Vicolo Storto
VIA ALBERTO STRINGA;Via Alberto Stringa
VIA DON LUIGI STURZO;Via don Luigi Sturzo
VIA ITALO SVEVO;Via Italo Svevo
STRADELLA TAGLIAFERRO;Stradella Tagliaferro
VIA TAGLIAMENTO;Via Tagliamento
VIA TALETE;Via Talete
VIA TAMBURINO SARDO;Via Tamburino Sardo
VIA TANARO;Via Tanaro
STRADA T-EST;Strada T-Est
STRADA T-SUD;Strada T-Sud
STRADA T4-T9;Strada T4-T9
VIA TAORMINA;Via Taormina
VIA LEONARDO TARGA;Via Leonardo Targa
VIA TARNOVA;Via Tarnova
VIA TARTARO;Via Tartaro
VIA DON ENRICO TAZZOLI;Via don Enrico Tazzoli
VIA TEANO;Via Teano
VIA TEATRO FILARMONICO;Via Teatro Filarmonico
VICOLO TEATRO FILARMONICO;Vicolo Teatro Filarmonico
VIA TEATRO RISTORI;Via Teatro Ristori
VIA ALESSANDRO TEBALDI;Via Alessandro Tebaldi
VIA DELLA TECNICA;Via della Tecnica
VIA TEOBALDO;Via Teobaldo
VIA DI TEODOLINDA;Via di Teodolinda
VICOLO TERESE;Vicolo Terese
VIA TERMINON;Via Terminon
VICOLO TERRA';Vicolo Terrà
VIA TERRE;Via Terre
VIA HRAYR TERZIAN;Via Hrayr Terzian
VIA STELIO TESELLI;Via Stelio Teselli
VIA TESI;Via Tesi
VIA TEVERE;Via Tevere
VIA TEZONE;Via Tezone
PIAZZETTA DON TARCISIO TIBALDO;Piazzetta don Tarcisio Tibaldo
VIA TIBERGHIEN;Via Tiberghien
VIA TICINO;Via Ticino
VIA DEI TIGLI;Via dei Tigli
VIA TIMAVO;Via Timavo
VIA TINTORETTO;Via Tintoretto
PIAZZETTA ANTONIO TIRABOSCO;Piazzetta Antonio Tirabosco
VIA SEVERO TIRAPELLE;Via Severo Tirapelle
VIA TIRSO;Via Tirso
VIA TIZIANO;Via Tiziano
VIA TOCE;Via Toce
VIA MARIO TODESCHINI;Via Mario Todeschini
STRADA DELLE TOFANE;Strada delle Tofane
VIA NERIO TOFFALETTI;Via Nerio Toffaletti
STRADA DELL'ALZAIA TOLO DA RE;Strada dell'Alzaia Tolo da Re
VIA TOLOMEO;Via Tolomeo
VIA TOMBETTA;Via Tombetta
PARCO ANGELO TOMELLERI;Parco Angelo Tomelleri
VIA DOMENICO TOMEZZOLI;Via Domenico Tomezzoli
GIARDINI FILIPPO E FAUSTO TOMMASOLI;Giardini Filippo e Fausto Tommasoli
VIA NICCOLO' TOMMASEO;Via Niccolò Tommaseo
VIA TONALE;Via Tonale
VIA GIUSEPPE TONIOLO;Via Giuseppe Toniolo
VIA FRANCESCO TORBIDO;Via Francesco Torbido
VICOLO TORCOLETTO;Vicolo Torcoletto
VIA TORCOLO;Via Torcolo
VIA GIUSEPPE TORELLI;Via Giuseppe Torelli
INTERRATO TORRE PENTAGONA;Interrato Torre Pentagona
VIA TORRENTE VECCHIO;Via Torrente Vecchio
VIA DEL TORRESIN;Via del Torresin
VIA TORRETTA;Via Torretta
VIA ALESSANDRO TORRI;Via Alessandro Torri
VIA TORRICELLE;Via Torricelle
VIA EVANGELISTA TORRICELLI;Via Evangelista Torricelli
VIA TOSCA;Via Tosca
VIA TOSI;Via Tosi
VIA ENRICO TOTI;Via Enrico Toti
GIARDINI GIORGIO TOTOLA;Giardini Giorgio Totola
VIA GINO TRAINOTTI;Via Gino Trainotti
VIA TRAPANI;Via Trapani
VICOLO TRAVE;Vicolo Trave
VIA GIUSEPPE TRECCA;Via Giuseppe Trecca
VICOLO TRE MARCHETTI;Vicolo Tre Marchetti
GIARDINO F.LLI TREMANTE;Giardino Fratelli Tremante
PIAZZETTA    VITTORIO TREMANTE;Piazzetta Vittorio Tremante
VIA TRENTO;Via Trento
VIA DON GIACOMO TREVISANI;Via don Giacomo Trevisani
GIARDINI RAFFAELE TREVISAN;Giardini Raffaele Trevisan
VIA CESARE TREZZA;Via Cesare Trezza
VIA GAETANO TREZZA;Via Gaetano Trezza
VIA TREZZOLANO;Via Trezzolano
CORTILE DEL TRIBUNALE;Cortile del Tribunale
VIA DEL TRICOLORE;Via del Tricolore
VIA TRIESTE;Via Trieste
STRADA DELLE TRINCEE;Strada delle Trincee
VIA MASSIMILIANO TROMBELLI;Via Massimiliano Trombelli
VIA DEL TRONCHETTO;Via del Tronchetto
VIA TROTA;Via Trota
VIA TUNISI;Via Tunisi
VIA TURANDOT;Via Turandot
VIA DOMENICO TURAZZA;Via Domenico Turazza
VIA TURBINA;Via Turbina
VIA ALESSANDRO TURCHI;Via Alessandro Turchi
VIA GIOVANNI UBERTI;Via Giovanni Uberti
VIA UDINE;Via Udine
GIARDINI VITTORIO UGOLINI;Giardini Vittorio Ugolini
VIA UMAGO;Via Umago
VIA UMBRIA;Via Umbria
VIA UNDICI FEBBRAIO;Via Undici Febbraio
PONTE DELL'UNITA' D'ITALIA;Ponte dell'Unità d'Italia
VIA UNITA' D'ITALIA;Via Unità d'Italia
VIALE UNIVERSITA';Viale Università
VIA URBANO III;Via Urbano terzo
VIA ANTONIOTTO USODIMARE;Via Antoniotto Usodimare
VIA VAJO DELLA MARCIORA;Via Vajo della Marciora
VIA VAJO DELL'ANGUILLA;Via Vajo dell'Anguilla
VIA VALDONEGA;Via Valdonega
VIA VALEGGIO;Via Valeggio
VIA ADRIANO VALERINI;Via Adriano Valerini
VIA VAL LAGARINA;Via Val Lagarina
CONTRADA VALLE;Contrada Valle
VICOLETTO VALLE;Vicoletto Valle
VICOLO VALLE;Vicolo Valle
VIA VALPANTENA;Via Valpantena
VIA VALPOLICELLA;Via Valpolicella
VIA DELLA VALVERDE;Via della Valverde
VIA LUIGI VANVITELLI;Via Luigi Vanvitelli
VIA GIORGIO VASARI;Via Giorgio Vasari
VIA VEGLIA;Via Veglia
VIA DEL VEGRON;Via del Vegron
VIA VELINO;Via Velino
CONTRADA VENDRI;Contrada Vendri
CORSO VENEZIA;Corso Venezia
VIA SEBASTIANO VENIER;Via Sebastiano Venier
PIAZZALE VENTICINQUE APRILE;Piazzale Venticinque Aprile
PIAZZA VENTIQUATTRO FEBBRAIO 1945;Piazza 24 Febbraio 1945
VIA VENTIQUATTRO GIUGNO;Via Ventiquattro Giugno
VIA VENTIQUATTRO MAGGIO;Via Ventiquattro Maggio
LUNGADIGE VENTISEI LUGLIO 1944;Lungadige 26 Luglio 1944
SALITA VENTI SETTEMBRE;Salita Venti Settembre
VIA VENTI SETTEMBRE;Via Venti Settembre
VICOLO VENTO;Vicolo Vento
VIA VENTOTTO GENNAIO;Via Ventotto Gennaio
VIA VENTOTTO MARZO;Via Ventotto Marzo
VIA VENTURA;Via Ventura
VIA ALESSANDRO GIOVANNI VENTURELLI;Via Alessandro Giovanni Venturelli
VIA GIUSEPPE VENTURI;Via Giuseppe Venturi
VIA GIUSEPPE VERDI;Via Giuseppe Verdi
VIA GIOVANNI VERGA;Via Giovanni Verga
VIA AUGUSTO VERITA';Via Augusto Verità
PARCO HELLAS VERONA CAMPIONE D'ITALIA 12-05-1985;Parco Hellas Verona Campione d'Italia 12-05-1985
VIALE APOLLINARE VERONESI;Viale Apollinare Veronesi
VIA RINALDO VERONESI;Via Rinaldo Veronesi
VICOLO VERZA;Vicolo Verza
PIAZZA VESCOVADO;Piazza Vescovado
VIA AMERIGO VESPUCCI;Via Amerigo Vespucci
VICOLETTO CORTICELLA VETRI;Vicoletto Corticella Vetri
VICOLO VETRI;Vicolo Vetri
VIA VIGASIO;Via Vigasio
STRADA DEL VIGNALE;Strada del Vignale
VIA VILLA;Via Villa
VIA VILLA ARRIGHI;Via Villa Arrighi
VIA VILLA BROGLIA;Via Villa Broglia
VIA VILLA COZZA;Via Villa Cozza
VIA VILLAFRANCA;Via Villafranca
VIA VILLA GLORI;Via Villa Glori
VIA VILLA PIATTI;Via Villa Piatti
VIA VILLA POGGIANI;Via Villa Poggiani
VIA VILLA TOMBA;Via Villa Tomba
VIA GIOVANNI VINCENTI;Via Giovanni Vincenti
PIAZZA LIBERO VINCO;Piazza Libero Vinco
VIA VIPACCO;Via Vipacco
VIA OLGA VISENTINI;Via Olga Visentini
VIA VITRUVIO;Via Vitruvio
VIA VITTIME CIVILI DI GUERRA;Via Vittime Civili di Guerra
PIAZZA DELLA VITTORIA;Piazza della Vittoria
VIA VITTORIO DELLA VITTORIA;Via Vittorio della Vittoria
GIARDINI VITTORIO EMANUELE II;Giardini Vittorio Emanuele Secondo
PIAZZA VITTORIO VENETO;Piazza Vittorio Veneto
VIA UGOLINO VIVALDI;Via Ugolino Vivaldi
VIA GUIDO VIVI;Via Guido Vivi
PIAZZA FRANCESCO VIVIANI;Piazza Francesco Viviani
VIA VOLONTARI DELLA LIBERTA';Via Volontari della Libertà
VIA ALESSANDRO VOLTA;Via Alessandro Volta
VIA VOLTE MASO;Via Volte Maso
VICOLO VOLTO CITTADELLA;Vicolo Volto Cittadella
VICOLO VOLTO SAN LUCA;Vicolo Volto San Luca
VIA VOLTURNO;Via Volturno
VIA PIETRO ZAGATA;Via Pietro Zagata
VIA GIOVANNI ZAMBELLI;Via Giovanni Zambelli
VIA GIUSEPPE ZAMBONI;Via Giuseppe Zamboni
VIA BENEDETTO ZAMPIERI;Via Benedetto Zampieri
GIARDINI BERTO ZAMPIERI;Giardini Berto Zampieri
CORTE GIORGIO ZANCONATI;Corte Giorgio Zanconati
VIA ZANCLE;Via Zancle
LARGO RICCARDO ZANDONAI;Largo Riccardo Zandonai
VIA ANTONIO ZANELLA;Via Antonio Zanella
VIA UGO ZANNONI;Via Ugo Zannoni
VIA FRANCESCO ZANTEDESCHI;Via Francesco Zantedeschi
VIA DELLO ZAPPATORE;Via dello Zappatore
PIAZZA ZARA;Piazza Zara
GIARDINI ZARDINI GAETANO;Giardini Zardini Gaetano
VIA ZATTERI;Via Zatteri
VIA GIUSEPPE ZATTONI;Via Giuseppe Zattoni
VIA VIRGILIO ZAVARISE;Via Virgilio Zavarise
VIA PIETRO ZECCHINATO;Via Pietro Zecchinato
VIA ZEILA;Via Zeila
GIARDINI    ALESSANDRO ZENATELLO;Giardini Alessandro Zenatello
VIA BENVENUTO ZENARI;Via Benvenuto Zenari
VIA GIOVANNI ZENATELLO;Via Giovanni Zenatello
VIA PIETRO ZENATI;Via Pietro Zenati
VIA ARTURO ZENORINI;Via Arturo Zenorini
VIA GIOVANNI VERARDO ZEVIANI;Via Giovanni Verardo Zeviani
VICOLO CIECO ZINI;Vicolo Cieco Zini
VIA CESARE ZOPPI;Via Cesare Zoppi
VIA GIUSEPPE ZORZI;Via Giuseppe Zorzi
VICOLO CIECO ZUCCHETTA;Vicolo Cieco Zucchetta
VIA SENZA INDIRIZZO;Via Senza Indirizzo
