NOME_VIA;NOME_NORM
VIA FONDERIA;Via Fonderia
VIA FAMIGLIA FONTEBASSO;Via Famiglia Fontebasso
VIA VECCHIA SANT' ANGELO;Via vecchia Sant'Angelo
VIA TORRE D' ORLANDO;Via Torre d'Orlando
STRADA COMUNALE DI SAN VITALE;Strada comunale di San Vitale
PONTE FRATELLI CAIROLI;Ponte Fratelli Cairoli
PIAZZETTA CARTE DA GIOCO FRATELLI DAL NEGRO;Piazzetta Carte da Gioco Fratelli dal Negro
VIA PO (STRADA STATALE 53);Via Po
VIA ADIGE (STRADA STATALE 53);Via Adige
VIA BRENTA (STRADA STATALE 53);Via Brenta
VIA LIVENZA (STRADA STATALE 53);Via Livenza
VICOLO CALMAGGIORE;Vicolo Calmaggiore
PIAZZETTA ALDO MORO;Piazzetta Aldo Moro
VICOLO BURANELLI;Vicolo Buranelli
VICOLO DI ROVERO;Vicolo di Rovero
VIA DELL' ANSA;Via dell'Ansa
STRADA DELLA MADONETTA;Strada della Madonetta
GALLERIA DELLA DOGANA;Galleria della Dogana
VIA MASSIMO D' AZEGLIO;Via Massimo d'Azeglio
VIALE BARTOLOMEO D' ALVIANO;Viale Bartolomeo d'Alviano
VIA MANTIERO ANTONIO;Via Antonio Mantiero
VIA GIO BATTISTA MANDRUZZATO;Via Giovan Battista Mandruzzato
BORGO FURO DI SANTA BONA;Borgo Furo di Santa Bona
VIA LUIGI EINAUDI;Via Luigi Einaudi
PONTE SAN CHILIANO;Ponte San Chiliano
CORSO DEL POPOLO;Corso del Popolo
STRADA DEI VENTI;Strada dei Venti
VIA DELL' IMMACOLATA;Via dell'Immacolata
VICOLO PANCIERA;Vicolo Panciera
PIAZZA UNITA' D' ITALIA;Piazza Unità d'Italia
PIAZZA GIOSUE' CARDUCCI;Piazza Giosuè Carducci
VIA SANTE DORIGO;Via Sante Dorigo
VICOLO ROGGIA;Vicolo Roggia
VIA CASTELLO D' AMORE;Via Castello d'Amore
VIA SANTE CANCIAN;Via Sante Cancian
VIA 33' REGGIMENTO ARTIGLIERIA;Via Trentatreesimo Reggimento Artiglieria
VICOLO FILIPPINI;Vicolo Filippini
PONTE GIUSEPPE GARIBALDI;Ponte Giuseppe Garibaldi
VIA GRIMALDI PRATI MARGHERITA;Via Margherita Grimaldi Prati
VIA RAMBALDO DEGLI AZZONI AVOGADRO;Via Rambaldo degli Azzoni Avogadro
VIA GIAMBATTISTA TIEPOLO;Via Giambattista Tiepolo
VIA TERRAGLIO;Via Terraglio
VIA STRETTA;Via Stretta
VIA GUISCARDO SBROJAVACCA;Via Guiscardo Sbrojavacca
VIA LUIGI SARTORI;Via Luigi Sartori
VIA SAMBUGOLE;Via Sambugole
VIA TOMMASO SALSA;Via Tommaso Salsa
VIA BERNARDO SALOMONI;Via Bernardo Salomoni
VIA SABOTINO;Via Sabotino
VIA SAN ZENO;Via San Zeno
VIA SANT' ELENA IMPERATRICE;Via Sant'Elena Imperatrice
STRADA SANTA BONA VECCHIA;Strada Santa Bona Vecchia
VIA SANT' ANGELO;Via Sant'Angelo
VIA SANT' AGOSTINO;Via Sant'Agostino
STRADA SANT' AGNESE;Strada Sant'Agnese
VIA EUGENIO ROTA;Via Eugenio Rota
VIA RONCOLE;Via Roncole
VIA ANGELO RONCHESE;Via Angelo Ronchese
VIA ROGGIA;Via Roggia
VIA GIOVANNI RIZZI;Via Giovanni Rizzi
VICOLO GIACOMO ZANELLA;Vicolo Giacomo Zanella
VIA GIACOMO ZANELLA;Via Giacomo Zanella
VIA ROSA ZALIVANI;Via Rosa Zalivani
VIALE VITTORIO VENETO;Viale Vittorio Veneto
VIA VICENZA;Via Vicenza
VIA OTTAVIO OTTAVI;Via Ottavio Ottavi
VIA OSPEDALE PROVINCIALE;Via Ospedale Provinciale
VIA ORSOLINE;Via Orsoline
VIA ORSENIGO;Via Orsenigo
VIALE ORLEANS;Viale Orleans
VIA GIUSEPPE E LUIGI OLIVI;Via Giuseppe e Luigi Olivi
VIA NOALESE;Via Noalese
VIA DELLA MONCIA;Via della Moncia
VICOLO DEL POZZETTO;Vicolo del Pozzetto
STRADA DEL POZZETTO;Strada del Pozzetto
VIA GERARDO DE LISA;Via Gerardo De Lisa
VIA DALMAZIA;Via Dalmazia
VIA FRANCESCO DA MILANO;Via Francesco da Milano
VIA CORNUDA;Via Cornuda
VIA CORNARE;Via Cornare
VIA ADRIANO AUGUSTO MICHIELI;Via Adriano Augusto Michieli
BORGO MESTRE;Borgo Mestre
VIA LUIGI MENEGHETTI;Via Luigi Meneghetti
LUNGOSILE ANTONIO MATTEI;Lungosile Antonio Mattei
VIA ANGELO MARCHESAN;Via Angelo Marchesan
VIA DANIELE MANIN;Via Daniele Manin
VIA GRAVE DI PAPADOPOLI;Via Grave di Papadopoli
VIA ANTONIO GRAMSCI;Via Antonio Gramsci
VIA GIORGIONE;Via Giorgione
VIA GHIRADA;Via Ghirada
VIA GENOVA;Via Genova
STRADA FELTRINA;Strada Feltrina
VIALE GIAN GIACOMO FELISSENT;Viale Gian Giacomo Felissent
VIA EVERARDO;Via Everardo
VIALE EUROPA;Viale Europa
VIA BERNARDINO TOMITANO;Via Bernardino Tomitano
VIA EL ALAMEIN;Via El Alamein
VIA DOSSON;Via Dosson
VIA PIRANO;Via Pirano
VIA LUIGI PINELLI;Via Luigi Pinelli
VIA PIEMONTE;Via Piemonte
VIA PIAVESELLA;Via Piavesella
VIA PIAVE;Via Piave
VIA FRANCESCO PETRARCA;Via Francesco Petrarca
VIA MARCO PELLICCIAIO;Via Marco Pellicciaio
VIA LEON BATTISTA ALBERTI;Via Leon Battista Alberti
VIA JACOPO BERNARDI;Via Jacopo Bernardi
VIA TREVISI;Via Trevisi
VIA PARIS BORDONE;Via Paris Bordone
STRADA DEL MOZZATO;Strada del Mozzato
VIA GIROLAMO LI CAUSI;Via Girolamo Li Causi
VIA FRANCESCO ERIZZO;Via Francesco Erizzo
VIA BELGIO;Via Belgio
VICOLO QUINDICI LUGLIO;Vicolo Quindici Luglio
VIA GIULIO DE ZULIANI;Via Giulio de Zuliani
VIA ALDO VOLTOLIN;Via Aldo Voltolin
VIA JACOPO SANSOVINO;Via Jacopo Sansovino
VIA GABRIELE D' ANNUNZIO;Via Gabriele D'Annunzio
VIA GUIDO BERGAMO;Via Guido Bergamo
GALLERIA BAILO;Galleria Bailo
VIA GIORGIO MASSARI;Via Giorgio Massari
VIA CASTELLANA;Via Castellana
VIA SANTA BARBARA;Via Santa Barbara
STRADA CASTAGNOLE;Strada Castagnole
VIA CASONI;Via Casoni
VIA CASA DI RICOVERO;Via Casa di Ricovero
VIA CACCIATORI DEL SILE;Via Cacciatori del Sile
STRADA DI CA' ZENOBIO;Strada di Ca' Zenobio
VIALE BRIGATA TREVISO;Viale Brigata Treviso
VIALE BRIGATA MARCHE;Viale Brigata Marche
VIA DONATO BRAMANTE;Via Donato Bramante
VIA GIUSEPPE BENZI;Via Giuseppe Benzi
VIA ANTONIO BELLUCCI;Via Antonio Bellucci
VIALE CESARE BATTISTI;Viale Cesare Battisti
VIA AGOSTINO BATTISTEL;Via Agostino Battistel
VIA UGO BASSI;Via Ugo Bassi
VIA FRANCESCO BARACCA;Via Francesco Baracca
VIA BAGAGGIA SCIPIONE;Via Bagaggia Scipione
STRADA DELL' AEROPORTO;Strada dell'Aeroporto
VIA ADAMELLO;Via Adamello
VIA 55' REGGIMENTO FANTERIA;Via Cinquantacinquesimo Reggimento Fanteria
STRADA CANIZZANO;Strada Canizzano
VIA CASETTE;Via Casette
STRADA LA BASSA;Strada la Bassa
VIA GIOVANNI VERGA;Via Giovanni Verga
VIALE GIUSEPPE VERDI;Viale Giuseppe Verdi
VIA GIOVANNI BATTISTA VERCI;Via Giovanni Battista Verci
VIA VENZONE;Via Venzone
VICOLO SEBASTIANO VENIER;Vicolo Sebastiano Venier
VIA SEBASTIANO VENIER;Via Sebastiano Venier
BORGO VENEZIA;Borgo Venezia
VIA ANDREA VENDRAMIN;Via Andrea Vendramin
VIA FORTUNATO VENANZIO;Via Fortunato Venanzio
VIA TIZIANO VECELLIO;Via Tiziano Vecellio
STRADA VECCHIA SAN PELAIO;Strada vecchia di San Pelaio
VIA VECCHIA DI QUINTO;Via Vecchia di Quinto
VIA GIORGIO VASARI;Via Giorgio Vasari
VIA UMBRIA;Via Umbria
LARGO UMANESIMO LATINO;Largo Umanesimo Latino
VIA ALESSANDRO TRONCONI;Via Alessandro Tronconi
VIA PRIAMO TRON;Via Priamo Tron
VIA ANGELO ZORZETTO;Via Angelo Zorzetto
VIA SILVIO ZORZI;Via Silvio Zorzi
VIALE TRENTO E TRIESTE;Viale Trento e Trieste
VIA TRE VENEZIE;Via Tre Venezie
LARGO TRE VENEZIE;Largo Tre Venezie
VIA TOSCANA;Via Toscana
VIA TORCELLO;Via Torcello
VIA GIUSEPPE TONIOLO;Via Giuseppe Toniolo
VIA TONI BENETTON;Via Toni Benetton
VIA NICOLO' TOMMASEO;Via Niccolò Tommaseo
VIA TOLPADA;Via Tolpada
VIA TOFANE;Via Tofane
VIA TITO GARZONI;Via Tito Garzoni
VIALE TERZA ARMATA;Viale Terza Armata
VIA CARLO STUPARICH;Via Carlo Stuparich
STRADELLA DI SAN PELAIO;Stradella di San Pelaio
VIA AGOSTINO STEFFANI;Via Agostino Steffani
VIA LUIGI STEFANINI;Via Luigi Stefanini
VIA STANGADE;Via Stangade
VIA NINO SPRINGOLO;Via Nino Springolo
VIA SPIGARIOLA;Via Spigariola
VIA AMBROGIO SPIERA;Via Ambrogio Spiera
VIA SOVERNIGO PORCELLENGO;Via Sovernigo Porcellengo
VIA SORDELLO DA GOITO;Via Sordello da Goito
VIA SIORA ANDRIANA DEL VESCOVO;Via Siora Andriana del Vescovo
VIA SICILIA;Via Sicilia
VICOLO SETTE APRILE;Vicolo Sette Aprile
VIA SETTE APRILE;Via Sette Aprile
VIALE XXIV MAGGIO;Viale Ventiquattro Maggio
VIA AUGUSTO E LUIGI SERENA;Via Augusto e Luigi Serena
VIA RICCARDO SELVATICO;Via Riccardo Selvatico
VIA SELVANA;Via Selvana
VIA LUDOVICO SEITZ;Via Ludovico Seitz
STRADA SCUDETTO;Strada Scudetto
VIA ANTONIO SCARPA;Via Antonio Scarpa
VICOLO GIAN GIROLAMO SAVOLDO;Vicolo Gian Girolamo Savoldo
BORGO SAVOIA;Borgo Savoia
VIA LUIGI SARTORIO;Via Luigi Sartorio
VIA PAOLO SARPI;Via Paolo Sarpi
VIA ANTONIO SANTALENA;Via Antonio Santalena
VIA SAMBUGHE';Via Sambughè
VIA SALVO D' ACQUISTO;Via Salvo d'Acquisto
VIA PIER ANDREA SACCARDO;Via Pier Andrea Saccardo
VIA UMBERTO SABA;Via Umberto Saba
VICOLO B SAN ZENO;Vicolo San Zeno B
PIAZZA SAN VITO;Piazza San Vito
VIA VICINALE SAN VITALE;Via vicinale di San Vitale
VIA SAN TROVASO;Via San Trovaso
STRADA DI SAN PELAIO;Strada di San Pelaio
VIA MONTELLO;Via Montello
VICOLO E SAN PELAIO;Vicolo San Pelaio E
VICOLO B SAN PELAIO;Vicolo San Pelaio B
VICOLO SAN PANCRAZIO;Vicolo San Pancrazio
VIA SANT' OSVALDO;Via Sant'Osvaldo
VIA SAN NICOLO';Via San Nicolò
VIA SAN MARTINO;Via San Martino
VIA SANTA MARIA DI CA' FANCELLO;Via Santa Maria di Ca' Fancello
VIA SANTA MARIA DEL SILE;Via Santa Maria del Sile
VIA SANTA MARGHERITA;Via Santa Margherita
RIVIERA SANTA MARGHERITA;Riviera Santa Margherita
VIA CASTELMENARDO;Via Castelmenardo
VIA SAN LIBERALE;Via San Liberale
VIA SAN LAZZARO;Via San Lazzaro
VIA SAN GIROLAMO EMILIANI;Via San Girolamo Emiliani
VIA SAN GERVASIO;Via San Gervasio
VIA SAN FRANCESCO DI SALES;Via San Francesco di Sales
VICOLO CA' ZENOBIO;Vicolo Ca' Zenobio
STRADELLA B INTERNA;Stradella Interna B
PIAZZALE BARTOLOMEO BURCHIELLATI;Piazzale Bartolomeo Burchiellati
PONTE ANTONIO MAZZAROLLI;Ponte Antonio Mazzarolli
VIA DECORATI AL VALORE MILITARE;Via Decorati al Valore Militare
VIA ANTONIO CAVARZERANI;Via Antonio Cavarzerani
PORTA SAN TOMASO;Porta San Tomaso
VARCO ANTONIO CACCIANIGA;Varco Antonio Caccianiga
VIA VARCO SANTA MARGHERITA;Varco Santa Margherita
VIA LODOVICO FIUMICELLI;Via Lodovico Fiumicelli
PONTE ALCIDE DE GASPERI;Ponte Alcide De Gasperi
PONTE BURANELLI;Ponte Buranelli
GIARDINI BEATO PADRE MARCO D' AVIANO;Giardini Beato Padre Marco d'Aviano
VIA D' AVIANO PADRE MARCO BEATO 1631-1693;Via d'Aviano Padre Marco Beato 1631-1693
GIARDINI GIUSEPPE MAZZOTTI;Giardini Giuseppe Mazzotti
PONTE SILETTO;Ponte Siletto
PONTE SAN MICHELE;Ponte San Michele
PONTE SCORZERIE;Ponte delle Scorzerie
PONTE SAN PARISIO;Ponte San Parisio
PONTE MALVASIA;Ponte Malvasia
PONTE TRIPERI;Ponte Triperi
PONTE SANT' AGATA;Ponte Sant'Agata
VIA SANT' AGATA;Via Sant'Agata
GIARDINI GIOVANNI  BARBISAN;Giardini Giovanni Barbisan
PONTE DELL' OLIVA;Ponte dell'Oliva
VIA JACOPO RICCATI;Via Jacopo Riccati
PONTE CASTELMENARDO;Ponte Castelmenardo
PIAZZETTA CADUTI NEI LAGER 1943-45;Piazzetta Caduti Nei Lager 1943-45
PONTE RINALDI;Ponte Rinaldi
PIAZZA BOSCO DEL RESPIRO;Piazza Bosco del Respiro
PONTE AVOGARI;Ponte Avogari
PORTA ALTINIA;Porta Altinia
VIALE MICHELANGELO;Viale Michelangelo
VIA UMBERTO COSMO;Via Umberto Cosmo
VIALE OLIMPIA;Viale Olimpia
VIALE MONFENERA;Viale Monfenera
VIA LUIGI CARRER;Via Luigi Carrer
STRADA DI BOIAGO;Strada di Boiago
VIA SANT' ANTONINO;Via Sant'Antonino
VIA TIMAVO;Via Timavo
VIA SANTE ZANON;Via Sante Zanon
VIA GIOVANNI ZANIOL;Via Giovanni Zaniol
VIA LUIGI ZANGRANDO;Via Luigi Zangrando
VIA ANTONIO ZANCHI;Via Antonio Zanchi
VIA ANTONIO VIVALDI;Via Antonio Vivaldi
VIA EMILIO ZAGO;Via Emilio Zago
STRADA VICINALE CORTI;Strada vicinale delle Corti
VIA PAOLO VERONESE;Via Paolo Veronese
VIA VERONA;Via Verona
VIA PEGORILE;Via Pegorile
VIA PASUBIO;Via Pasubio
VIA PASTRENGO;Via Pastrengo
VIA PASTORI;Via Pastori
VIA STRADELLE;Via Stradelle
VIA CESARE PAVESE;Via Cesare Pavese
VIALE LUIGI PASTEUR;Viale Luigi Pasteur
VIA PASSO BUOLE;Via Passo Buole
VIA PARENZO;Via Parenzo
VIA PANIGAI;Via Panigai
VIA PANCIERA;Via Panciera
VIA PALUDI;Via Paludi
VIA PALUDETTI;Via Paludetti
VIA ANTONIO BORIN;Via Antonio Borin
VIA BARBANO DA TREVISO;Via Barbano da Treviso
STRADA COMUNALE CORTI;Strada comunale delle Corti
VIALE NAZIONI UNITE;Viale Nazioni Unite
VIA DOTTI;Via Dotti
VIA CALMAGGIORE;Via Calmaggiore
VIA INFERIORE;Via Inferiore
LARGO TOTILA;Largo Totila
VIA QUIRICO TURAZZA;Via Quirico Turazza
VICOLO DEL DUOMO;Vicolo del Duomo
VIA DELLE ABSIDI;Via delle Absidi
VICOLO DELLA BUSTA;Vicolo della Busta
VIA SANTA CATERINA;Via Santa Caterina
PIAZZETTA SANTA MARIA MADDALENA;Piazzetta Santa Maria Maddalena
PONTE SAN CRISTOFORO;Ponte San Cristoforo
PIAZZA TOMMASINI;Piazza Tommasini
VIA TOMMASO DA MODENA;Via Tommaso da Modena
VICOLO FONDERIA;Vicolo Fonderia
VIALE DELLA REPUBBLICA;Viale della Repubblica
VIA ZERMANESE;Via Zermanese
VIA ANTONIO ZEZZOS;Via Antonio Zezzos
VICOLO ANTONIO ZEZZOS;Vicolo Antonio Zezzos
VIA ZECCHETTE;Via Zecchette
VIA ZARA;Via Zara
VIA PALESTRO;Via Palestro
VIA PIETRO PALEOCAPA;Via Pietro Paleocapa
VIA FERDINANDO PALASCIANO;Via Ferdinando Palasciano
VIA LUIGI PAGANI CESA;Via Luigi Pagani Cesa
VIA PADRE MASSIMILIANO KOLBE;Via Padre Massimiliano Kolbe
VIA OSPEDALE;Via Ospedale
VIA OSLAVIA;Via Oslavia
VIA POZZUOLO DEL FRIULI;Via Pozzuolo del Friuli
VIA ORTIGARA;Via Ortigara
VIA ALFREDO ORIANI;Via Alfredo Oriani
VIA ODERZO;Via Oderzo
VIALE GUGLIELMO OBERDAN;Viale Guglielmo Oberdan
VIA GAETANO DONIZETTI;Via Gaetano Donizetti
VIA GIUSEPPE DONATI;Via Giuseppe Donati
VIA DON LUIGI STURZO;Via don Luigi Sturzo
VIA DON GIOVANNI FAVARETTO;Via don Giovanni Favaretto
VIA DOGALI;Via Dogali
VIA DELL' ISOLA;Via dell'Isola
VIA DELLE VERINE;Via delle Verine
VIA DELLE PRADE;Via delle Prade
VIA DELLE MARIE;Via delle Marie
VIA DELLE FONTANELLE;Via delle Fontanelle
VIA DELLE CAVE;Via delle Cave
VIA DELLE CASELLE;Via delle Caselle
VIA DELLE BOTTERE;Via delle Bottere
VIA DELLE BELLE GAMBE;Via delle Belle Gambe
VIA DELLE ACQUETTE;Via delle Acquette
VIA DELLA STORGA;Via della Storga
VIALE DELLA SERENISSIMA;Viale della Serenissima
VIA DELLA QUERCIA;Via della Quercia
VIA DELLA LIBERAZIONE;Via della Liberazione
STRADA DELLA FERROVIA;Strada della Ferrovia
GALLERIA LATINA;Galleria Latina
PIAZZA DEL QUARTIERE LATINO;Piazza del Quartiere Latino
VIA DEL TERMINE;Via del Termine
VIA GENERALE EMANUELE DEL PRA';Via generale Emanuele del Prà
VIA DEL PASSO;Via del Passo
VIA DEL MORER;Via del Morer
VIA DEL GELSO;Via del Gelso
VICOLO DEL GALLO;Vicolo del Gallo
STRADA DEL GALLETTO;Strada del Galletto
VIA DEL DAINO;Via del Daino
VIA DEL COMUNE;Via del Comune
VIA DEI ZOTTI;Via dei Zotti
VIA DEI VEGRI;Via dei Vegri
STRADA SANTA BONA NUOVA;Strada Santa Bona Nuova
VICOLO SAN BARTOLOMEO;Vicolo San Bartolomeo
STRADA SAN BARTOLOMEO;Strada San Bartolomeo
VIA SANT' ARTEMIO;Via Sant'Artemio
VICOLO B SANT' ANTONINO;Vicolo Sant'Antonino B
VIA SANT' ANNA;Via Sant'Anna
VIA SANT' AMBROGIO DI FIERA;Via Sant'Ambrogio di Fiera
STRADA DEI TAPPI;Strada dei Tappi
VIA DEI PICCHI;Via dei Picchi
VIA DEI MONCINI;Via dei Moncini
VIALE DEI MILLE;Viale dei Mille
VIA DEI GREDI;Via dei Gredi
VIA DEI DALL' ORO;Via dei Dall'Oro
VIA DEI DA PRATA;Via dei Da Prata
VIA DEI COMIN;Via dei Comin
VIA DEI BRILLI;Via dei Brilli
STRADA DEI BISCARI;Strada dei Biscari
VIA DEGLI STRETTI;Via degli Stretti
VIA PIERRE DE COUBERTIN;Via Pierre de Coubertin
VIA ENRICO DANDOLO;Via Enrico Dandolo
VIA ANTONIO DAL LEGNAME;Via Antonio dal Legname
VIA LEONARDO DA VINCI;Via Leonardo da Vinci
VIA ANTONIO DA SANGALLO;Via Antonio da Sangallo
VIA LORENZO DA PONTE;Via Lorenzo da Ponte
VIA ALBERTINO DA CORONA;Via Albertino da Corona
VIA GIOVANNI D' ALESSI;Via Giovanni d'Alessi
VIA BENEDETTO CROCE;Via Benedetto Croce
VIA LORENZO CRICO;Via Lorenzo Crico
VIA VINCENZO MARIA CORONELLI;Via Vincenzo Maria Coronelli
VIA GIULIO CORNELIO GRAZIANO;Via Giulio Cornelio Graziano
VIA CORNAROTTA;Via Cornarotta
VIA ALESSANDRO PERICLE NINNI;Via Alessandro Pericle Ninni
VIA IPPOLITO NIEVO;Via Ippolito Nievo
VIA SERNAGLIA DELLA BATTAGLIA;Via Sernaglia della Battaglia
VIA NERVESA DELLA BATTAGLIA;Via Nervesa della Battaglia
VIA RUZANTE;Via Ruzante
VIA ROTONDA;Via Rotonda
VIA GINO ROSSI;Via Gino Rossi
VIA ANTONIO ROSMINI;Via Antonio Rosmini
VIA ROMA;Via Roma
VIA ROLANDELLO;Via Rolandello
VIA RODI;Via Rodi
VIA GINO ROCCA;Via Gino Rocca
VIA RISORGIMENTO;Via Risorgimento
VIA AMBROGIO RIGAMONTI;Via Ambrogio Rigamonti
PIAZZA MAESTRI DEL LAVORO;Piazza Maestri del Lavoro
VICOLO MANDRUZZATO G.B.;Vicolo Giovan Battista Mandruzzato
VIA MARIA E NATALE MAZZOLA';Via Maria e Natale Mazzolà
VIA FERRUCCIO CAPUZZO;Via Ferruccio Capuzzo
VIA CITTADELLA DELLA SALUTE;Via Cittadella della Salute
VIA TOGNANA RACHELE;Via Tognana Rachele
VIA MARINO CORDER;Via Marino Corder
PIAZZA DELLE ISTITUZIONI;Piazza delle Istituzioni
VIALE SAN MARCO;Viale San Marco
VIA GIORGIO AMBROSOLI;Via Giorgio Ambrosoli
VIA GASPARE GHIRLANDA;Via Gaspare Ghirlanda
VIA LOVERA;Via Lovera
VIA CERTOSA DEL MONTELLO;Via Certosa del Montello
VIA SAN GIOVANNI BOSCO;Via San Giovanni Bosco
VIA GIUSEPPE MAFFIOLI;Via Giuseppe Maffioli
VIA DON ENRICO CAGNIN;Via don Enrico Cagnin
VIA GIUSEPPE BERTO;Via Giuseppe Berto
VIA CARLO ANTONIUTTI;Via Carlo Antoniutti
VIALE MONTE GRAPPA;Viale Monte Grappa
VIALE LUIGI LUZZATTI;Viale Luigi Luzzatti
VIA LUNGO SILE;Via Lungo Sile
VIA ANDREA LUCCHESI;Via Andrea Lucchesi
VIA DOMENICO LOSCHI;Via Domenico Loschi
VIA LOMBARDIA;Via Lombardia
VICOLO LIMBRAGA;Vicolo Limbraga
VIA LIGURIA;Via Liguria
VIA LIBIA;Via Libia
VIA RUGGERO LEONCAVALLO;Via Ruggero Leoncavallo
VIA LEGA LOMBARDA;Via Lega Lombarda
VIA ATTILIO LAZZARI;Via Attilio Lazzari
VIA LAZIO;Via Lazio
VIA LANCIERI DI NOVARA;Via Lancieri di Novara
VIA LANCENIGO;Via Lancenigo
VIA KAPPA DUE;Via K2
VIALE ITALIA;Viale Italia
VIA ISONZO;Via Isonzo
VIA ISOLA DI MEZZO;Via Isola di Mezzo
VIA INGHILTERRA;Via Inghilterra
VIA NICOLA DI FULVIO;Via Nicola di Fulvio
VIA GIOVANNI MARINI;Via Giovanni Marini
VIA GRUPPO CONEGLIANO;Via Gruppo Conegliano
VIA ANDREA GRITTI;Via Andrea Gritti
VIA GRECIA;Via Grecia
STRADA GRANZETTA;Strada Granzetta
VIA GRANATIERI DI SARDEGNA;Via Granatieri di Sardegna
VIA CARLO GOLDONI;Via Carlo Goldoni
VIA GIOVANNI GIRARDINI;Via Giovanni Girardini
VIA GIOVANNA D' ARCO;Via Giovanna d'Arco
VIA GIAVERA DEL MONTELLO;Via Giavera del Montello
VIA LUIGI GIACOMELLI;Via Luigi Giacomelli
VIA GERMANIA;Via Germania
VICOLO FRANCESCO GERA;Vicolo Francesco Gera
VIA GELSOMINI;Via Gelsomini
VIA LUIGI GASPARINETTI;Via Luigi Gasparinetti
VIA MARCANTONIO GANDINO;Via Marcantonio Gandino
LOCALITA' FURO DI SANT' ANTONINO;Localita' Furo di Sant'Antonino
VIA FUIN;Via Fuin
PIAZZALE DUCA D' AOSTA;Piazzale Duca d'Aosta
VIA GIOVANNI BATTISTA RICCIOLI;Via Giovanni Battista Riccioli
VICOLO RIALTO;Vicolo Rialto
VIA ENRICO REINHART;Via Enrico Reinhart
VIA ENRICO REGINATO;Via Enrico Reginato
VIA REDIPUGLIA;Via Redipuglia
VIA VITO RAPISARDI;Via Vito Rapisardi
VIA RAGAZZI DEL '99;Via Ragazzi del '99
VIA ALBERTO RADAELLI;Via Alberto Radaelli
VIALE QUINDICI LUGLIO;Viale Quindici Luglio
VIALE QUATTRO NOVEMBRE;Viale Quattro Novembre
VIA MARCO PULIERI;Via Marco Pulieri
VIA PUGLIE;Via Puglie
VIA PRIORATO SANT' ANTONIO;Via Priorato Sant'Antonio
VIA FRANCESCO MARIA PRETI;Via Francesco Maria Preti
VIA GIOVANNI POZZOBON;Via Giovanni Pozzobon
VIA POSTUMIA;Via Postumia
VIA PONZANO;Via Ponzano
VIA AMILCARE PONCHIELLI;Via Amilcare Ponchielli
VIA POLVERIERA;Via Polveriera
VIA MARCO POLO;Via Marco Polo
VIA CAROLINA POLACCO;Via Carolina Polacco
VIA SELO;Via Selo
VIA PODGORA;Via Podgora
VIA PLINIO IL VECCHIO;Via Plinio il Vecchio
VIA PISA;Via Pisa
VIA PORTOBUFFOLE';Via Portobuffolè
VIALE IPPOLITO PINDEMONTE;Viale Ippolito Pindemonte
VIALE PINDARO;Viale Pindaro
VIA GIOVAN BATTISTA PIAZZETTA;Via Giovan Battista Piazzetta
VIA NASCIMBEN;Via Nascimben
VIA PAOLO NANI;Via Paolo Nani
VIA MURE;Via Mure
VIA NAZARIO SAURO;Via Nazario Sauro
VIA MURA SAN TEONISTO;Via Mura San Teonisto
VIA MUNICIPIO;Via Municipio
VIA FRANCESCO MOROSINI;Via Francesco Morosini
VIA DANIELE MONTERUMICI;Via Daniele Monterumici
VIA MONTE SANTO;Via Monte Santo
VIA MONTE PIANA;Via Monte Piana
VIA MONTE NERO;Via Monte Nero
VIA MONTE LUNGO;Via Monte Lungo
VIA MONTE CENGIO;Via Monte Cengio
VIA MONFALCONE;Via Monfalcone
VIA GUSTAVO MODENA;Via Gustavo Modena
VIA DON LORENZO MILANI;Via don Lorenzo Milani
VIA MERCATO ORTOFRUTTICOLO;Via Mercato Ortofrutticolo
VIA ALVISE SEMENZI;Via Alvise Semenzi
VIA MEDAGLIE D' ORO;Via Medaglie d'Oro
BORGO GIUSEPPE MAZZINI;Borgo Giuseppe Mazzini
VIA NICOLO' MAURO;Via Nicolò Mauro
VIA EDMONDO MATTER;Via Edmondo Matter
VIA MARZABOTTO;Via Marzabotto
VIA ARTURO MARTINI;Via Arturo Martini
VIA BERNARDINO MARIN;Via Bernardino Marin
VIA GUGLIELMO MARCONI;Via Guglielmo Marconi
VIA BENEDETTO MARCELLO;Via Benedetto Marcello
VIA ALESSANDRO MANZONI;Via Alessandro Manzoni
VIA FRANCESCO MANZATO;Via Francesco Manzato
VIA DOMENICO MANTOVANI ORSETTI;Via Domenico Mantovani Orsetti
VIA MALEVISTE;Via Maleviste
VIA PIETRO MAFFETTI;Via Pietro Maffetti
VIA ANTONIO CARLINI;Via Antonio Carlini
VIA RINALDO CARNIELLO;Via Rinaldo Carniello
VIA ANTONIO PAVAN;Via Antonio Pavan
VIA FORNACI;Via Fornaci
BORGO FIUME;Borgo Fiume
VIA BUCA DELL' OLIO;Via Buca dell'Olio
VICOLO B BOIAGO;Vicolo Boiago B
VICOLO A BOIAGO;Vicolo Boiago A
VICOLO DEL MORER;Vicolo del Morer
VIA DEI CAMPAZZI;Via dei Campazzi
VIA EMILIA;Via Emilia
VIA IRLANDA;Via Irlanda
VIA ROBERT EDWIN PEARY;Via Robert Edwin Peary
VIA ROBERT SCOTT;Via Robert Scott
VIA AMUNDSEN ROALD ENGHELBERT;Via Amundsen Roald Enghelbert
VIA FILIPPO TURATI;Via Filippo Turati
VIA GAETANO SALVEMINI;Via Gaetano Salvemini
VIA LAURO DE BOSIS;Via Lauro de Bosis
VIA GIOVANNI AMENDOLA;Via Giovanni Amendola
VICOLO FRATELLI CAIROLI;Vicolo Fratelli Cairoli
VIA SOLFERINO E SAN MARTINO;Via Solferino e San Martino
VIA SPALATO;Via Spalato
VIA BARTOLOMEO ORIOLI;Via Bartolomeo Orioli
VIA CUNIZZA DA ROMANO;Via Cunizza da Romano
VIA CALLALTA;Via Callalta
VIA PIER ADOLFO TIRINDELLI;Via Pier Adolfo Tirindelli
PIAZZA DONATORI DI SANGUE;Piazza Donatori di Sangue
VICOLO PAOLO VERONESE;Vicolo Paolo Veronese
VICOLO LUIGI PASTEUR;Vicolo Luigi Pasteur
VIA FAMIGLIA  ALBERGHETTI;Via Famiglia Alberghetti
VICOLO C SANT' ANTONINO;Vicolo Sant'Antonino C
PONTE SAN FRANCESCO;Ponte San Francesco
PONTE SAN MARTINO;Ponte San Martino
PONTE DANTE;Ponte Dante
VIA ESULI GIULIANO DALMATI;Via Esuli Giuliano Dalmati
PIAZZA MARTIRI DELLE FOIBE;Piazza Martiri delle Foibe
VIA BRIGATA CADORE;Via Brigata Cadore
VIA DAVIDE FRANCESCHETTI;Via Davide Franceschetti
PONTE SAN LEONARDO;Ponte San Leonardo
VIA CARSO;Via Carso
VICOLO OTTAVIO OTTAVI;Vicolo Ottavio Ottavi
VIALE NINO BIXIO;Viale Nino Bixio
VIA STORTA;Via Storta
VIA ALTINO;Via Altino
VIA CADUTI DI CEFALONIA;Via Caduti di Cefalonia
VIA GUSTAVO BAMPO;Via Gustavo Bampo
PIAZZALE PRATO FIERA;Piazzale Prato Fiera
VIA FRATELLI TESTOLINI;Via Fratelli Testolini
VIALE FRATELLI CAIROLI;Viale Fratelli Cairoli
VIA FRATELLI BENVENUTO;Via Fratelli Benvenuto
VIALE FRATELLI BANDIERA;Viale Fratelli Bandiera
VIALE FRANCIA;Viale Francia
VIA ALBERTO FRANCHETTI;Via Alberto Franchetti
VIALE FRA' GIOCONDO;Viale fra' Giocondo
VIA FRA' GIOCONDO;Via fra' Giocondo
VICOLO FOSSAGGERA;Vicolo Fossaggera
VIA FOSSAGGERA;Via Fossaggera
VIA UGO FOSCOLO;Via Ugo Foscolo
VIA MARCO FOSCARINI;Via Marco Foscarini
VIA OLIVIERO FORZETTA;Via Oliviero Forzetta
VIA FORNACI GUERRA E GREGORJ;Via Fornaci Guerra e Gregorj
VIA FONTANE;Via Fontane
STRADA FOIANA;Strada Foiana
VIA ANTONIO FOGAZZARO;Via Antonio Fogazzaro
VIA MARIO FIORE;Via Mario Fiore
VIA FABIO FILZI;Via Fabio Filzi
VIA MARCELLO FILOSSENO;Via Marcello Filosseno
VIA FERRO DA CAVALLO;Via Ferro da Cavallo
VIA FERDINANDO FERRETTON;Via Ferdinando Ferretton
VIA ANGELO FERRETTO;Via Angelo Ferretto
VIA FRANCESCO SCIPIONE FAPANNI;Via Francesco Scipione Fapanni
VICOLO FAGARE';Vicolo Fagarè
VIA EVEREST;Via Everest
VIA GIULIO ETTORE ERLER;Via Giulio Ettore Erler
VIA ERITREA;Via Eritrea
VIA ERACLEA;Via Eraclea
VIA LUIGI ELLERO;Via Luigi Ellero
VICOLO PIAVESELLA;Vicolo Piavesella
VICOLO PIAVE;Vicolo Piave
VIA PESCHERIA;Via Pescheria
VIA PESCATORI;Via Pescatori
VIA PIER MARIA PENNACCHI;Via Pier Maria Pennacchi
VIA SILVIO PELLICO;Via Silvio Pellico
VIA CALABRIA;Via Calabria
VIA COSTANTE CHIMENTON;Via Costante Chimenton
VIA AZZI ENRICO;Via Azzi Enrico
VIA BEZZECCA;Via Bezzecca
VIA ASOLO;Via Asolo
VIA ANTIGA;Via Antiga
VIA PAOLA DRIGO;Via Paola Drigo
VICOLO A FONTANE;Vicolo Fontane A
VICOLO GIOVANNI GIROTTO;Vicolo Giovanni Girotto
VIA CARTIERETTA;Via Cartieretta
VICOLO GRANATIERI DI SARDEGNA;Vicolo Granatieri di Sardegna
VIA VITTORIO LOCCHI;Via Vittorio Locchi
VICOLO QUATTRO NOVEMBRE;Vicolo Quattro novembre
VICOLO BIVIO MOTTA;Vicolo Bivio Motta
VIA DARIO DA TREVISO;Via Dario da Treviso
VICOLO CALLALTA;Vicolo Callalta
VIA GIAN LORENZO BERNINI;Via Gian Lorenzo Bernini
BRETELLA DELLE STIORE;Bretella delle Stiore
VIA VARCO SANTA BONA;Via Varco Santa Bona
VICOLO C PALUDETTI;Vicolo Paludetti C
VICOLO TEZZONE;Vicolo Tezzone
VIA GIOVANNI PASCOLI;Via Giovanni Pascoli
VICOLO AVOGARI;Vicolo Avogari
VIA GIOVANNI BATTISTA CERVELLINI;Via Giovanni Battista Cervellini
VIA CAVINI;Via Cavini
VIA PIETRO BEMBO;Via Pietro Bembo
VIALE CACCIATORI;Viale Cacciatori
VIA DON LUIGI MONZA;Via don Luigi Monza
VIA VINCENZO BELLINI;Via Vincenzo Bellini
VIA DELLE MUNEGHE;Via delle Muneghe
VIA DELL' OLMO;Via dell'Olmo
VIA BEATO ENRICO DA BOLZANO;Via Beato Enrico da Bolzano
PIAZZA DELLA DOGANA;Piazza della Dogana
VIA 13 LUGLIO 1921;Via 13 luglio 1921
VIA UMBERTO CAGNI;Via Umberto Cagni
VIA MONSIGNORE GIUSEPPE LIBERALI;Via monsignor Giuseppe Liberali
VICOLO CORTI;Vicolo delle Corti
VIA ADELAIDE RISTORI;Via Adelaide Ristori
VIA SAN MICHELE;Via San Michele
VICOLO RINALDI;Vicolo Rinaldi
VICOLO SPINEDA;Vicolo Spineda
VICOLO DEL VENTO;Vicolo del Vento
BORGO DOMENICO CAPRIOLO;Borgo Domenico Capriolo
RIVALE FILODRAMMATICI;Rivale Filodrammatici
VICOLO GIOVANNI BONIFACIO;Vicolo Giovanni Bonifacio
PIAZZA GIUSEPPE GARIBALDI;Piazza Giuseppe Garibaldi
VIA BAINSIZZA;Via Bainsizza
VIA DELLO SQUERO;Via dello Squero
VIA GIUSEPPE GRADENIGO;Via Giuseppe Gradenigo
VIA ENRICO DUNANT;Via Enrico Dunant
VIA DAMIANO CHIESA;Via Damiano Chiesa
VIA LUIGI CHIEREGHIN;Via Luigi Chiereghin
VIA LORENZO CELSI;Via Lorenzo Celsi
BORGO CAVOUR;Borgo Cavour
STRADA CAVASIN;Strada Cavasin
BORGO CAVALLI;Borgo Cavalli
VIA CAVALLEGGERI TREVISO;Via Cavalleggeri di Treviso
VIA LUIGI CATTARIN;Via Luigi Cattarin
VICOLO CARLO CATTANEO;Vicolo Carlo Cattaneo
VIA CARLO CATTANEO;Via Carlo Cattaneo
VIA CASTELCUCCO;Via Castelcucco
VIA CARTERA;Via Cartera
VIA CARLO ALBERTO;Via Carlo Alberto
VIA DOMENICO CAPRETTA;Via Domenico Capretta
VIA CAPODISTRIA;Via Capodistria
VIA GENERALE ANTONIO CANTORE;Via generale Antonio Cantore
VIA CANTARANE;Via Cantarane
VIA ANTONIO CANOVA;Via Antonio Canova
VIA CANONICHE;Via Canoniche
VIA CANONICA;Via Canonica
VIA GIOVANNI BOCCACCIO;Via Giovanni Boccaccio
VIA BIVIO MOTTA;Via Bivio Motta
VIA GIUSEPPE BERNARDINO BISON;Via Giuseppe Bernardino Bison
VIA GIUSEPPE E VINCENZO BINDONI;Via Giuseppe e Vincenzo Bindoni
VIA BIBANO;Via Bibano
VIA VINCENZO BIANCHINI;Via Vincenzo Bianchini
VIA PIETRO BERTOLINI;Via Pietro Bertolini
VIA ANTONIO BERLESE;Via Antonio Berlese
VIA GUGLIELMO BERGAMASCO;Via Guglielmo Bergamasco
VIA FERRUCCIO BENINI;Via Ferruccio Benini
VIA FRANCESCO BENAGLIO;Via Francesco Benaglio
VIA FRANCESCO BECCARUZZI;Via Francesco Beccaruzzi
VIA AGOSTINO BEAZZANO;Via Agostino Beazzano
VIA BASTIA;Via Bastia
VIA BARBERIA;Via Barberia
VIA ERMOLAO BARBARO;Via Ermolao Barbaro
VICOLO FRANCESCO BARACCA;Vicolo Francesco Baracca
VIA VITTORIO BACHELET;Via Vittorio Bachelet
VIA AVOGARI;Via Avogari
VIA ASIAGO;Via Asiago
VIA AQUILEIA;Via Aquileia
VIA CAMPANIA;Via Campania
VIA CAMPANA;Via Campana
VICOLO CAL DI BREDA;Vicolo Cal di Breda
VIA CAL DI BREDA;Via Cal di Breda
VIA CADORE;Via Cadore
VIA SEBASTIANO CABOTO;Via Sebastiano Caboto
VIALE BARTOLOMEO BURCHIELLATI;Viale Bartolomeo Burchiellati
VIA BURANELLI;Via Buranelli
VIA FILIPPO BRUNELLESCHI;Via Filippo Brunelleschi
VIA VITTORIO BRAGADIN;Via Vittorio Bragadin
VIA BOTTENIGA;Via Botteniga
VIA UGO BOTTACIN;Via Ugo Bottacin
VIA BOSCHETTO;Via Boschetto
VIA FRANCESCO BOMBEN;Via Francesco Bomben
VIA BOLZANO;Via Bolzano
VIA ARRIGO BOITO;Via Arrigo Boito
VIA PAOLO APROINO;Via Paolo Aproino
VIALE GRAZIANO APPIANI;Viale Graziano Appiani
VIA GIOVANNI APOLLONIO;Via Giovanni Apollonio
PIAZZA GIANNINO ANCILOTTO;Piazza Giannino Ancilotto
VIA POMPONIO AMALTEO;Via Pomponio Amalteo
VIA AMALFI;Via Amalfi
VIA ALZAIA;Via Alzaia
VIA DEGLI ALPINI;Via degli Alpini
STRADA ALLE CAPITELLE;Strada alle Capitelle
VIA VITTORIO ALFIERI;Via Vittorio Alfieri
VIA ALEARDO ALEARDI;Via Aleardo Aleardi
VIA ALBONA;Via Albona
VIA ABRUZZO;Via Abruzzo
VIA 14 MAGGIO 1944;Via 14 Maggio 1944
VIA ELISABETTA CONTARINI;Via Elisabetta Contarini
VIA BATTAGLIONE FELTRE;Via Battaglione Feltre
VIA CISOLE;Via Cisole
PIAZZA RINALDI;Piazza Rinaldi
VIA TOMMASINI;Via Tommasini
VIA LEGNANO;Via Legnano
VIA MARCANTONIO FLAMINIO;Via Marcantonio Flaminio
VIA BAGATTINO;Via Bagattino
VIA JACOPO PALMA IL GIOVANE;Via Jacopo Palma il Giovane
VIA SIMONE DA MONTONA;Via Simone da Montona
VIA SAN FRANCESCO;Via San Francesco
VIA CORNAINO;Via Cornaino
VIA FRANCESCO FOSCARI;Via Francesco Foscari
VIA NICOLO' FRANCO;Via Nicolò Franco
VIA ARMANDO DIAZ;Via Armando Diaz
VIA GENERALE ANGELO MENGALDO;Via generale Angelo Mengaldo
LARGO PORTA ALTINIA;Largo di Porta Altinia
VICOLO FRATELLI BANDIERA;Vicolo Fratelli Bandiera
PIAZZA INDIPENDENZA;Piazza Indipendenza
VICOLO DELLE ABSIDI;Vicolo delle Absidi
VIA DOMENICO MARIA FEDERICI;Via Domenico Maria Federici
VIA GIACINTO GALLINA;Via Giacinto Gallina
VIA FRANCESCO DALL' ONGARO;Via Francesco dall'Ongaro
LUNGOFIUME CERCA;Lungofiume Cerca
VIA ARNALDO FUSINATO;Via Arnaldo Fusinato
VIA FORTE MARGHERA;Via Forte Marghera
VIA GASPARA STAMPA;Via Gaspara Stampa
VIA GIOVANNI BATTISTA RAMUSIO;Via Giovanni Battista Ramusio
VICOLO B MONTELLO;Vicolo Montello B
VICOLO A MONTELLO;Vicolo Montello A
VIA BARTOLOMEO ZUCCATO;Via Bartolomeo Zuccato
VIA GIOVANNI MARIA MALIMPENSA;Via Giovanni Maria Malimpensa
VICOLO NOALESE;Vicolo Noalese
VIA GIUSEPPE MENEGAZZI;Via Giuseppe Menegazzi
VIA DELL' ASILO;Via dell'Asilo
VIA GIULIO TRENTO;Via Giulio Trento
PONTE FRA' GIOCONDO;Ponte fra' Giocondo
PIAZZA SILVIO TRENTIN;Piazza Silvio Trentin
VIA VARCO FILIPPINI;Via Varco Filippini
VIA MONTEBELLUNA;Via Montebelluna
VIA TITO LIVIO;Via Tito Livio
VIA PAOLO DIACONO;Via Paolo Diacono
VIA ROSALBA CARRIERA;Via Rosalba Carriera
VIA FAZIO DEGLI UBERTI;Via Fazio degli Uberti
VIA GENERALE GIUSEPPE VACCARI;Via generale Giuseppe Vaccari
PIAZZETTA DELLA TORRE;Piazzetta della Torre
VICOLO SAN LEONARDO;Vicolo San Leonardo
VIA CIRENAICA;Via Cirenaica
CORTE SAN PARISIO;Corte San Parisio
VICOLO CARLO ALBERTO;Vicolo Carlo Alberto
PIAZZA EX CONVENTO CAPPUCCINE;Piazza Ex Convento Cappuccine
GALLERIA D' ALVIANO;Galleria d'Alviano
VIA NICOLO' CAPPONI;Via Nicolò Capponi
STRADELLA A INTERNA;Stradella Interna A
VICOLO PIETRO PALEOCAPA;Vicolo Pietro Paleocapa
VIA ILARIO RIGO;Via Ilario Rigo
VIA FRATELLI AGOSTI;Via Fratelli Agosti
VICOLO A SANT' ANTONINO;Vicolo Sant'Antonino A
VIA GIAMBATTISTA ZELOTTI;Via Giambattista Zelotti
VIA TEODORO DE LELLIS;Via Teodoro de Lellis
VICOLO SANT' ANGELO;Vicolo Sant'Angelo
VIA GIUSEPPE PARINI;Via Giuseppe Parini
VIA ERCOLE SMANIOTTO;Via Ercole Smaniotto
VIA CADUTI SUL LAVORO;Via Caduti sul Lavoro
VIA VARCO SAN BARTOLOMEO;Via Varco San Bartolomeo
PIAZZALE OSPEDALE;Piazzale Ospedale
VIA FILIPPINI;Via Filippini
SOTTOPORTICO TEATRO DOLFIN;Sottoportico Teatro Dolfin
VIA GENERALE AUGUSTO VANZO;Via generale Augusto Vanzo
PIAZZALE MICHELANGELO;Piazzale Michelangelo
VICOLO GEROLAMO BISCARO;Vicolo Gerolamo Biscaro
VIA GEROLAMO BISCARO;Via Gerolamo Biscaro
PIAZZALE PISTOIA;Piazzale Pistoia
VIA SAN PANCRAZIO;Via San Pancrazio
VIA CHIARANO;Via Chiarano
VIA CIMA DA CONEGLIANO;Via Cima da Conegliano
VIA GEROLAMO BOLOGNI;Via Girolamo Bologni
VIA PIETRO BURATTI;Via Pietro Buratti
VIA FOSSE ARDEATINE;Via Fosse Ardeatine
VICOLO LODOVICO FIUMICELLI;Vicolo Lodovico Fiumicelli
CALLE DEL PODESTA';Calle del Podestà
VIA SCHIAVONIA;Via Schiavonia
VIA ISOLA DELLA PESCHERIA;Via Isola della Pescheria
VICOLO MOLINETTO;Vicolo Molinetto
VICOLO ALFREDO ORIANI;Vicolo Alfredo Oriani
VIA GENERALE ALESSANDRO GUIDOTTI;Via generale Alessandro Guidotti
PIAZZA GIACOMO MATTEOTTI;Piazza Giacomo Matteotti
PIAZZA SAN LEONARDO;Piazza San Leonardo
VICOLO SANTA MARGHERITA;Vicolo Santa Margherita
VIA LORENZO LOTTO;Via Lorenzo Lotto
VIA DEI ROVERI;Via dei Roveri
STRADELLA C INTERNA;Stradella Interna C
VIA GIAMBATTISTA PIRANESI;Via Giambattista Piranesi
VIA GIOVANNI ANTONIO PORDENONE;Via Giovanni Antonio Pordenone
VIA CONCORDIA;Via Concordia
VIA ZENSON DI PIAVE;Via Zenson di Piave
VIA PIETRO D' ASOLO;Via Pietro d'Asolo
VIA CITTANOVA;Via Cittanova
VIA ANDREA PREVITALI;Via Andrea Previtali
VIA CARLO LASINIO;Via Carlo Lasinio
VIA MEDORO COGHETTO;Via Medoro Coghetto
VIA TOMMASO CATULLO;Via Tommaso Catullo
VIA TERESA MENGHI;Via Teresa Menghi
PORTA CARLO ALBERTO;Porta Carlo Alberto
VIA BRANDOLINI D' ADDA BRANDOLINO;Via Brandolino Brandolini d'Adda
VIALE JACOPO TASSO;Viale Jacopo Tasso
LARGO ALCIDE DE GASPERI;Largo Alcide De Gasperi
PIAZZA DELLA BORSA;Piazza della Borsa
VICOLO SANT' AGOSTINO;Vicolo Sant'Agostino
VIA TEZZONE;Via Tezzone
VICOLO DELL' OLIVA;Vicolo dell'Oliva
VIA MARTIRI DELLA LIBERTA';Via Martiri della Libertà
VICOLO PESCHERIA;Vicolo Pescheria
VICOLO GIUSEPPE BIANCHETTI;Vicolo Giuseppe Bianchetti
VICOLO OSPEDALE PROVINCIALE;Vicolo Ospedale Provinciale
VIA ANDREA BON;Via Andrea Bon
VIA COMUNI DEI BISCARI;Via Comuni dei Biscari
VIA COMMENDA;Via Commenda
VIA FRANCESCO COLONNA;Via Francesco Colonna
VIA COLLALTO;Via Collalto
VIA LUIGI COLETTI;Via Luigi Coletti
VIA COL DI LANA;Via Col di Lana
VIA LUIGIA CODEMO;Via Luigia Codemo
VIA CIMITERO SAN LAZZARO;Via Cimitero San Lazzaro
VIA GIAN MARIA CIASSI;Via Gian Maria Ciassi
VIA GUGLIELMO CIARDI;Via Guglielmo Ciardi
VIA EMILIO ZANETTE;Via Emilio Zanette
VIA LEONARDO LOREDAN;Via Leonardo Loredan
VIA XX SETTEMBRE;Via Venti Settembre
RIVIERA GIUSEPPE GARIBALDI;Riviera Giuseppe Garibaldi
VIA NEVRA GARATTI;Via Nevra Garatti
VICOLO C FELTRINA;Vicolo Feltrina C
VIA DON GIOVANNI MINZONI;Via don Giovanni Minzoni
PIAZZALE COSTITUZIONE;Piazzale Costituzione
VIA CALLISTO PATRIARCA;Via Callisto Patriarca
VIA WLADIMIRO PAOLI;Via Wladimiro Paoli
PONTE SANTA MARGHERITA;Ponte Santa Margherita
VIA SANTA BERTILLA BOSCARDIN;Via Santa Bertilla Boscardin
PIAZZA DELLA VITTORIA;Piazza della Vittoria
VIALE SANT' ANTONIO DA PADOVA;Viale Sant'Antonio da Padova
VIA PANFILO CASTALDI;Via Panfilo Castaldi
VIA GAETANO ZOMPINI;Via Gaetano Zompini
VIA OLANDA;Via Olanda
VIA BEATA GIULIANA DI COLLALTO;Via Beata Giuliana di Collalto
VICOLO CONCORDIA;Vicolo Concordia
VICOLO CONVERTITE;Vicolo Convertite
VICOLO ISOLA DI MEZZO;Vicolo Isola di Mezzo
VIA ANDREA GIACINTO LONGHIN;Via Andrea Giacinto Longhin
VIA SAN PARISIO;Via San Parisio
RIVA DEL CAGNAN GIOVANNI COMISSO;Riva del Cagnan Giovanni Comisso
GALLERIA DELLA TORRE;Galleria della Torre
VIA DON NICOLA MAZZA;Via don Nicola Mazza
VIA CASA DELLE BOTTERE;Via Casa delle Bottere
VIA DANIMARCA;Via Danimarca
VICOLO POLA;Vicolo Pola
VIA ANGELO GARBIZZA;Via Angelo Garbizza
VIA CASTELFRANCO VENETO;Via Castelfranco Veneto
PIAZZA FRANCESCO CRISPI;Piazza Francesco Crispi
PIAZZA POLA;Piazza Pola
VICOLO BARBERIA;Vicolo Barberia
VICOLO A PALUDETTI;Vicolo Paludetti A
VIA LUIGI PASTRO;Via Luigi Pastro
VIA DANIELE CHINAZZO;Via Daniele Chinazzo
VICOLO LUIGI COLETTI;Vicolo Luigi Coletti
VIA REGGIMENTO ITALIA LIBERA;Via Reggimento Italia Libera
VIA LUIGI BAILO;Via Luigi Bailo
VICOLO BROLI;Vicolo Broli
VIA LUIGI LUCATELLO;Via Luigi Lucatello
VIA DEI CAMPI SPORTIVI;Via dei Campi Sportivi
VIA LE CANEVARE;Via Le Canevare
VIA DON GIACOMO ALBERIONE;Via don Giacomo Alberione
VIA GIUSEPPE CORAZZIN;Via Giuseppe Corazzin
VIA SANTA TERESINA DEL BAMBIN GESU';Via Santa Teresina del Bambin Gesu'
VIA FRANCESCO CORTESE;Via Francesco Cortese
VICOLO XX SETTEMBRE;Vicolo Venti Settembre
VICOLO DEI DALL' ORO;Vicolo dei dall'Oro
VIA BRESSA;Via Bressa
PIAZZA FILODRAMMATICI;Piazza Filodrammatici
VICOLO MARCO POLO;Vicolo Marco Polo
VIA ANDREA PALLADIO;Via Andrea Palladio
VICOLO CAVINI;Vicolo Cavini
VIA ANGELO EMO;Via Angelo Emo
VIALE ALCIDE DE GASPERI;Viale Alcide De Gasperi
VICOLO DOTTI;Vicolo Dotti
PIAZZA SANTA MARIA DEI BATTUTI;Piazza Santa Maria dei Battuti
VIA GIUSEPPE BIANCHETTI;Via Giuseppe Bianchetti
PIAZZA SANT' ANDREA;Piazza Sant'Andrea
VIA NICOLO' DE ROSSI;Via Nicolò de Rossi
VIA LORENZO PEROSI;Via Lorenzo Perosi
VIA ACHILLE PAPA;Via Achille Papa
PASSERELLA ONIGO;Passerella Onigo
VIA LUIGI SUGANA;Via Luigi Sugana
PIAZZA SANTA MARIA MAGGIORE;Piazza Santa Maria Maggiore
BASTIONI SAN PAOLO;Bastioni San Paolo
GALLERIA RIALTO;Galleria Rialto
PIAZZETTA DEI LOMBARDI;Piazzetta dei Lombardi
GALLERIA DANIELE MANIN;Galleria Daniele Manin
VICOLO PESCATORI;Vicolo Pescatori
RIVALE SANT' ANDREA;Rivale Sant'Andrea
VICOLO BORTOLAN;Vicolo Bortolan
PIAZZA DELL' UNIVERSITA';Ponte delle Università
VIA PORTICO OSCURO;Via Portico Oscuro
VIA DEGLI SCALIGERI;Via degli Scaligeri
VICOLO SANTA MARIA DEI BATTUTI;Vicolo Santa Maria dei Battuti
VICOLO FIUME;Vicolo Fiume
VIA GUSTAVO BADINI;Via Gustavo Badini
VIA CARLO BORTOLATO;Via Carlo Bortolato
VIA PRIMO VISENTIN;Via Primo Visentin
VIA CIMITERO DI MONIGO;Via Cimitero di Monigo
VICOLO DEL CRISTO;Vicolo del Cristo
VIA ROSA BORTOLAN;Via Rosa Bortolan
VIA ANTONIADI MAUROCORDATO;Via Alessandro Maurocordato Antoniadi
VIA BRUNO LATTES;Via Bruno Lattes
VIA DON GAETANO MENEGHINI;Via don Gaetano Meneghini
VIA NOGARE';Via Nogarè
VIA MASER;Via Maser
VIA PIETRO MASCAGNI;Via Pietro Mascagni
VIA GIACOMO PUCCINI;Via Giacomo Puccini
VIA TOTI DAL MONTE;Via Toti dal Monte
VIA GIOACCHINO ROSSINI;Via Gioacchino Rossini
VIA LUIGI DE GOBBIS;Via Luigi de Gobbis
VIA NICOLO' PAGANINI;Via Nicolò Paganini
VIA PAPA LEONE III;Via Papa Leone III
VIA PADOVA;Via Padova
VIA INDIPENDENZA;Via Indipendenza
VIA DOBERDO';Via Doberdò
VIA VITTORINO DA FELTRE;Via Vittorino da Feltre
VIA SANT' ANDREA;Via Sant'Andrea
PORTA CALVI;Porta Calvi
VIA SAN VITO;Via San Vito
VIA FRANCESCO SABATUCCI;Via Francesco Sabatucci
VIA GIACOMO CAMILLO DE CARLO;Via Giacomo Camillo de Carlo
VICOLO ANDREA LUCCHESI;Vicolo Andrea Lucchesi
VIA GENERALE GIUSEPPE PENNELLA;Via generale Giuseppe Pennella
VIA CASTELLANO DI SALOMONE;Via Castellano di Salomone
VIA GEROLAMO ALEANDRO;Via Gerolamo Aleandro
VIA GIROLAMO DA TREVISO;Via Girolamo da Treviso
VIA GUALPERTINO DA CODERTA;Via Gualpertino da Coderta
PIAZZA ANGELO GIUSTINIAN RECANATI;Piazza Angelo Giustinian Recanati
VICOLO NERVESA DELLA BATTAGLIA;Vicolo Nervesa della Battaglia
PIAZZA SAN FRANCESCO;Piazza San Francesco
VIA GIAN BATTISTA CANAL;Via Gian Battista Canal
VICOLO CANIZZANO;Vicolo Canizzano
VIA SAN LEONARDO;Via San Leonardo
VIA MORIAGO DELLA BATTAGLIA;Via Moriago della Battaglia
PIAZZA SAN PIO X;Piazza San Pio decimo
VIA LORENZO BREGNO;Via Lorenzo Bregno
VICOLO DELLA TORRE;Vicolo della Torre
VIA PAOLO MARZOLO;Via Paolo Marzolo
PIAZZETTA BENEDETTO XI;Piazzetta Benedetto undicesimo
VICOLO STANGADE;Vicolo Stangade
PORTA PIAVE;Porta Piave
VIA HERMADA;Via Hermada
VIA MARCO PENSABEN;Via Marco Pensaben
VIA ELEONORA DUSE;Via Eleonora Duse
VIA ANTONIO CACCIANIGA;Via Antonio Caccianiga
VIA GORIZIA;Via Gorizia
VIA FILODRAMMATICI;Via Filodrammatici
VIA LUIGI BORRO;Via Luigi Borro
VIA EGIDIO FORCELLINI;Via Egidio Forcellini
VICOLO C SAN PELAIO;Vicolo San Pelaio C
VIA POMPILIO SUDESSI;Via Pompilio Sudessi
VIA ALDO FANTINA;Via Aldo Fantina
VIA GIOVANNI MASUTTO;Via Giovanni Masutto
VICOLO D SAN PELAIO;Vicolo San Pelaio D
VIA MUGGIA;Via Muggia
VIA OSSERO;Via Ossero
VIA GRADO;Via Grado
VIA RAGUSA;Via Ragusa
VIA TEODORICO E TEODOLFO TESSARI;Via Teodorico e Teodolfo Tessari
VIA ENSELMINO DA MONTEBELLUNA;Via Enselmino da Montebelluna
VIA GIOVANNI PINADELLO;Via Giovanni Pinadello
VIA ALCESTE TORSELLI;Via Alceste Torselli
VICOLO A SAN PELAIO;Vicolo San Pelaio A
VIA GAIA DA CAMINO;Via Gaia da Camino
VIA AUTIERI D' ITALIA;Via Autieri d'Italia
VICOLO FRATELLI SCOTTI;Vicolo Fratelli Scotti
VICOLO COSTANTE GRIS;Vicolo Costante Gris
VICOLO MONTE GRAPPA;Vicolo Monte Grappa
VICOLO MONFENERA;Vicolo Monfenera
VICOLO CASTELLO D' AMORE;Vicolo Castello d'Amore
VICOLO SIORA ANDRIANA DEL VESCOVO;Vicolo Siora Andriana del Vescovo
VICOLO GASPARE GOZZI;Vicolo Gaspare Gozzi
VICOLO EUGENIO ROTA;Vicolo Eugenio Rota
PIAZZA MARTIRI DI BELFIORE;Piazza Martiri di Belfiore
VIA TEATRO DOLFIN;Via Teatro Dolfin
VIA ORTAZZO;Via Ortazzo
VICOLO SAN GREGORIO;Vicolo San Gregorio
VICOLO CAMPANA;Vicolo Campana
VIA PIETRO GOBETTI;Via Pietro Gobetti
VICOLO JACOPO RICCATI;Vicolo Jacopo Riccati
VIA DEI CAMINESI;Via dei Caminesi
VIA LODOVICO BARBO;Via Lodovico Barbo
VIA JACOPO BONFADINI;Via Jacopo Bonfadini
VIALE LUIGI CADORNA;Viale Luigi Cadorna
VIA ANDREA MANTEGNA;Via Andrea Mantegna
PIAZZETTA MARIO BOTTER;Piazzetta Mario Botter
VIA AGLAIA ANASSILIDE;Via Aglaia Anassilide
VICOLO PIER ANDREA SACCARDO;Vicolo Pier Andrea Saccardo
VIA ANGELO GIUSTINIAN RECANATI;Via Angelo Giustinian Recanati
VIA CARLO ROSSELLI;Via Carlo Rosselli
VICOLO CAPOSILE;Vicolo Caposile
VIA SANTA CHIARA;Via Santa Chiara
RIVALE CASTELVECCHIO;Rivale Castelvecchio
VIA ANGELO DALMISTRO;Via Angelo Dalmistro
VICOLO B FELTRINA;Vicolo Feltrina B
VICOLO XXIV MAGGIO;Vicolo Ventiquattro Maggio
VIA TRIPOLITANIA;Via Tripolitania
VIA ITALICO CAPPELLOTTO;Via Italico Cappellotto
VIA GIOVANNI BONIFACIO;Via Giovanni Bonifacio
VICOLO SAN MICHELE;Vicolo San Michele
PORTA SANTI QUARANTA;Porta Santi Quaranta
VICOLO TRENTO E TRIESTE;Vicolo Trento e Trieste
VICOLO B PALUDETTI;Vicolo Paludetti B
VIA POLA;Via Pola
PIAZZA DEI SIGNORI;Piazza dei Signori
VIA FRA' CLAUDIO GRANZOTTO;Via fra' Claudio Granzotto
VIA GIUSEPPE TORRETTI;Via Giuseppe Torretti
VIA GUIDO NEGRI;Via Guido Negri
VIA GIOVANNI BATTISTA MARCHIORI;Via Giovanni Battista Marchiori
VIA CONEGLIANO;Via Conegliano
VIA GIOVANNI ANTONIO SCOPOLI;Via Giovanni Antonio Scopoli
VIA ADA NEGRI;Via Ada Negri
VICOLO GENERALE ANTONIO CANTORE;Vicolo generale Antonio Cantore
VIA SAN CAMILLO DE LELLIS;Via San Camillo de Lellis
VIA CARLO AGNOLETTI;Via Carlo Agnoletti
VICOLO B FONTANE;Vicolo Fontane B
VIA ERNESTO BELLONI;Via Ernesto Belloni
PIAZZA DEL DUOMO;Piazza del Duomo
VIA GIOVANNI AURELIO AUGURELLO;Via Giovanni Aurelio Augurello
VIA DEI LOMBARDI;Via dei Lombardi
VICOLO PALESTRO;Vicolo Palestro
PIAZZA MONTE DI PIETA';Piazza Monte di Pietà
VIA GABRIELE DA TREVISO;Via Gabriele da Treviso
VICOLO LUDOVICO POZZOSERRATO;Vicolo Ludovico Pozzoserrato
VICOLO EUROPA;Vicolo Europa
VICOLO A MONTE PIANA;Vicolo Monte Piana A
VICOLO B MONTE PIANA;Vicolo Monte Piana B
VICOLO C MONTE PIANA;Vicolo Monte Piana C
VIA FIRENZE;Via Firenze
VICOLO D MONTE PIANA;Vicolo D Monte Piana
VIA ISTRIA;Via Istria
VIA ALESSANDRO E LUIGINO TANDURA;Via Alessandro e Luigino Tandura
VICOLO A SAN ZENO;Vicolo San Zeno A
VICOLO ORSOLINE;Vicolo Orsoline
VICOLO TREVISI;Vicolo Trevisi
VIA DOMENICO RICCI;Via Domenico Ricci
VIA MANLIO FERUGLIO;Via Manlio Feruglio
VIA ORESTE BATTISTELLA;Via Oreste Battistella
VIA GIOVANNI MAGGIOTTO;Via Giovanni Maggiotto
VICOLO TOMMASO SALSA;Vicolo Tommaso Salsa
VIA ENRICO FERMI;Via Enrico Fermi
VIA ANTONIO DE FANTIS;Via Antonio de Fantis
VIA LUIGI E LUCIA BERNARDEL;Via Luigi e Lucia Bernardel
VIA GIACOMO ANTONINI;Via Giacomo Antonini
VIA SCIPIO SLATAPER;Via Scipio Slataper
VIA DEL GUAZZO;Via del Guazzo
VIA ANTONIO GENTILIN;Via Antonio Gentilin
VICOLO BRIGATA MARCHE;Vicolo Brigata Marche
VIA FERRARESE;Via Ferrarese
VIA LUSSEMBURGO;Via Lussemburgo
VIA PIETRO DI DANTE;Via Pietro di Dante
VIA LIVIO ZAMBECCARI;Via Livio Zambeccari
VIA IPPOLITO CAFFI;Via Ippolito Caffi
VIA NELSON MANDELA;Via Nelson Mandela
VIA CADUTI DI NASSIRIYA;Via Caduti di Nassiriya
Vicolo Pio La Torre;Vicolo Pio La Torre
Via Cro' Durigon;Via Cro' Durigon
Via Ernesto Calzavara;Via Ernesto Calzavara
Via Ruzzante;Via Ruzzante
Piazzetta don Ferdinando Pasin;Piazzetta don Ferdinando Pasin
Strada Scudetto di San Giuseppe;Strada Scudetto di San Giuseppe
Via San Giuseppe;Via San Giuseppe
Strada Siora Andriana del Vescovo;Strada Siora Andriana del Vescovo
Galleria della strada romana;Galleria della Strada Romana
Via Muri;Via Muri
Ponte de Pria;Ponte de Pria
Varco San Bartolomeo;Varco San Bartolomeo